EDINET CODE,証券コード,会社名,33業種区分,17業種区分,規模区分
E01631,64800,日本トムソン株式会社,機械,機械 ,6
E04768,85840,株式会社ジャックス,その他金融業,金融（除く銀行） ,6
E25551,28820,イートアンド株式会社,食料品,食品 ,7
E00645,38650,北越紀州製紙株式会社,パルプ・紙,素材・化学 ,6
E01092,51950,バンドー化学株式会社,ゴム製品,自動車・輸送機 ,7
E00815,41820,三菱瓦斯化学株式会社,化学,素材・化学 ,4
E00871,42420,株式会社タカギセイコー,化学,素材・化学 ,
E02986,33740,内外テック株式会社,卸売業,商社・卸売 ,
E30863,,JA三井リース株式会社,,,
E02152,72700,富士重工業株式会社,輸送用機器,自動車・輸送機 ,2
E01536,63310,三菱化工機株式会社,機械,機械 ,7
E00453,28940,石井食品株式会社,食料品,食品 ,
E03293,75540,株式会社幸楽苑ホールディングス,小売業,小売 ,7
E25165,31670,株式会社ＴＯＫＡＩホールディングス,卸売業,商社・卸売 ,6
E04199,90780,株式会社エスライン,陸運業,運輸・物流 ,
E05306,27490,株式会社ＪＰホールディングス,サービス業,情報通信・サービスその他 ,7
E01738,65020,株式会社　東芝,電気機器,電機・精密 ,
E05175,48330,株式会社ぱど,サービス業,情報通信・サービスその他 ,
E01951,66520,ＩＤＥＣ株式会社,電気機器,電機・精密 ,7
E00518,29280,ＲＩＺＡＰグループ株式会社,,,
E02542,30040,神栄株式会社,卸売業,商社・卸売 ,7
E03301,75770,株式会社パスポート,小売業,小売 ,
E00312,17260,株式会社ビーアールホールディングス,建設業,建設・資材 ,7
E32803,71920,日本モーゲージサービス株式会社,その他金融業,金融（除く銀行） ,
E01597,64610,日本ピストンリング株式会社,機械,機械 ,7
E33052,,桃太郎源株式会社,,,
E01112,51610,西川ゴム工業株式会社,ゴム製品,自動車・輸送機 ,
E00130,18530,株式会社森組,建設業,建設・資材 ,
E00895,46150,神東塗料株式会社,化学,素材・化学 ,7
E02602,80660,三谷商事株式会社,卸売業,商社・卸売 ,
E02590,,KISCO株式会社,,,
E23245,31560,株式会社ＵＫＣホールディングス,卸売業,商社・卸売 ,6
E00771,40460,株式会社大阪ソーダ,化学,素材・化学 ,7
E00691,37080,特種東海製紙株式会社,パルプ・紙,素材・化学 ,7
E00182,19920,神田通信機株式会社,建設業,建設・資材 ,
E01097,51910,住友理工株式会社,ゴム製品,自動車・輸送機 ,6
E00721,94750,株式会社昭文社,情報・通信業,情報通信・サービスその他 ,7
E00711,79460,株式会社光陽社,その他製品,情報通信・サービスその他 ,
E03398,27530,株式会社あみやき亭,小売業,小売 ,7
E31672,,株式会社ユリアインターナショナル,,,
E03542,83420,株式会社青森銀行,銀行業,銀行 ,7
E02738,98160,株式会社ストライダーズ,不動産業,不動産 ,
E01422,59400,不二サッシ株式会社,金属製品,建設・資材 ,
E24562,66280,オンキヨー株式会社,電気機器,電機・精密 ,
E01264,54110,ジェイ　エフ　イー　ホールディングス株式会社,鉄鋼,鉄鋼・非鉄 ,2
E03493,78230,株式会社アートネイチャー,その他製品,情報通信・サービスその他 ,7
E02028,66550,東洋電機株式会社,,,
E04519,95370,北陸瓦斯株式会社,電気・ガス業,電力・ガス ,
E01003,41850,ＪＳＲ株式会社,化学,素材・化学 ,4
E26813,71620,アストマックス株式会社,証券、商品先物取引業,金融（除く銀行） ,
E00824,42060,アイカ工業株式会社,化学,素材・化学 ,4
E01862,68790,株式会社イマジカ・ロボットホールディングス,情報・通信業,情報通信・サービスその他 ,7
E30140,60890,株式会社ウィルグループ,サービス業,情報通信・サービスその他 ,7
E01152,52080,株式会社有沢製作所,化学,素材・化学 ,6
E00981,45650,そーせいグループ株式会社,医薬品,医薬品 ,
E01701,63000,アピックヤマダ株式会社,機械,機械 ,
E27759,32910,飯田グループホールディングス株式会社,不動産業,不動産 ,4
E01486,61130,株式会社 アマダホールディングス,機械,機械 ,4
E03213,99690,株式会社ショクブン,小売業,小売 ,
E03321,76160,株式会社コロワイド,小売業,小売 ,6
E32109,71850,ヒロセ通商株式会社,証券、商品先物取引業,金融（除く銀行） ,
E02377,79910,マミヤ・オーピー株式会社,機械,機械 ,
E03333,76380,株式会社ＮＥＷ ＡＲＴ,小売業,小売 ,
E31071,60340,ＭＲＴ株式会社,サービス業,情報通信・サービスその他 ,
E02941,27150,エレマテック株式会社,卸売業,商社・卸売 ,7
E00373,22060,江崎グリコ株式会社,食料品,食品 ,4
E04613,12340,株式会社大利根カントリー倶楽部,,,
E05029,47190,株式会社アルファシステムズ,情報・通信業,情報通信・サービスその他 ,7
E05700,21580,株式会社FRONTEO,サービス業,情報通信・サービスその他 ,
E00744,23760,株式会社サイネックス,サービス業,情報通信・サービスその他 ,7
E05621,21380,クルーズ株式会社,情報・通信業,情報通信・サービスその他 ,
E21706,21830,株式会社リニカル,サービス業,情報通信・サービスその他 ,7
E03855,88010,三井不動産株式会社,不動産業,不動産 ,2
E02853,75170,黒田電気株式会社,卸売業,商社・卸売 ,6
E05151,48140,ネクストウェア株式会社,情報・通信業,情報通信・サービスその他 ,
E04589,96330,東京テアトル株式会社,サービス業,情報通信・サービスその他 ,7
E05452,17110,株式会社省電舎,建設業,建設・資材 ,
E04636,,株式会社筑波ゴルフコース,,,
E04084,32580,ユニゾホールディングス株式会社,不動産業,不動産 ,6
E02566,80300,中央魚類株式会社,卸売業,商社・卸売 ,
E32811,65410,グレイステクノロジー株式会社,サービス業,情報通信・サービスその他 ,
E01794,67730,パイオニア株式会社,電気機器,電機・精密 ,6
E01912,66470,森尾電機株式会社,電気機器,電機・精密 ,
E26842,31750,株式会社エー・ピーカンパニー,小売業,小売 ,7
E04341,90250,鴻池運輸株式会社,陸運業,運輸・物流 ,6
E32189,62370,株式会社イワキ,機械,機械 ,
E00867,78860,ヤマト・インダストリー株式会社,化学,素材・化学 ,
E03551,83330,株式会社　常陽銀行,,,
E02745,99020,株式会社日伝,卸売業,商社・卸売 ,7
E03380,27050,株式会社大戸屋ホールディングス,小売業,小売 ,
E01960,69570,株式会社芝浦電子,電気機器,電機・精密 ,
E01548,62450,株式会社ヒラノテクシード,機械,機械 ,
E00067,18840,日本道路株式会社,建設業,建設・資材 ,6
E03560,83240,株式会社第四銀行,銀行業,銀行 ,4
E02214,72870,日本精機株式会社,輸送用機器,自動車・輸送機 ,
E04946,85660,リコーリース株式会社,その他金融業,金融（除く銀行） ,6
E00168,19820,日比谷総合設備株式会社,建設業,建設・資材 ,7
E02517,80980,稲畑産業株式会社,卸売業,商社・卸売 ,6
E00540,31160,トヨタ紡織株式会社,輸送用機器,自動車・輸送機 ,4
E02275,77520,株式会社リコー,電気機器,電機・精密 ,4
E02586,,株式会社ヤナセ,,,
E00976,45550,沢井製薬株式会社,医薬品,医薬品 ,4
E05297,23210,株式会社ソフトフロントホールディングス,情報・通信業,情報通信・サービスその他 ,
E00238,18480,株式会社富士ピー・エス,建設業,建設・資材 ,
E02724,98800,イノテック株式会社,卸売業,商社・卸売 ,7
E02825,74600,株式会社ヤギ,卸売業,商社・卸売 ,
E00334,22820,日本ハム株式会社,食料品,食品 ,4
E00823,42150,タキロンシーアイ株式会社,化学,素材・化学 ,7
E02835,74760,アズワン株式会社,卸売業,商社・卸売 ,6
E00898,40950,日本パーカライジング株式会社,化学,素材・化学 ,4
E02561,80760,株式会社カノークス,,,
E02229,72120,株式会社エフテック,輸送用機器,自動車・輸送機 ,7
E04576,96950,株式会社鴨川グランドホテル,サービス業,情報通信・サービスその他 ,
E01832,,株式会社リゾート＆メディカル,,,
E03041,82530,株式会社クレディセゾン,その他金融業,金融（除く銀行） ,4
E02579,80850,ナラサキ産業株式会社,卸売業,商社・卸売 ,
E02385,79850,ネポン株式会社,金属製品,建設・資材 ,
E04110,90310,西日本鉄道株式会社,陸運業,運輸・物流 ,4
E02441,78770,永大化工株式会社,化学,素材・化学 ,
E00157,81570,都築電気株式会社,卸売業,商社・卸売 ,
E00941,45240,森下仁丹株式会社,医薬品,医薬品 ,
E04065,32380,セントラル総合開発株式会社,不動産業,不動産 ,
E05692,32520,日本商業開発株式会社,不動産業,不動産 ,7
E27615,31850,夢展望株式会社,小売業,小売 ,
E05496,37730,株式会社アドバンスト・メディア,情報・通信業,情報通信・サービスその他 ,
E04172,,関東バス株式会社,,,
E02881,75750,日本ライフライン株式会社,卸売業,商社・卸売 ,6
E00165,88360,株式会社ＲＩＳＥ,不動産業,不動産 ,
E05001,46900,日本パレットプール株式会社,サービス業,情報通信・サービスその他 ,
E02688,80860,ニプロ株式会社,精密機器,電機・精密 ,4
E01554,63810,アネスト岩田株式会社,機械,機械 ,7
E03684,85210,株式会社長野銀行,銀行業,銀行 ,7
E02320,77050,ジーエルサイエンス株式会社,精密機器,電機・精密 ,
E00048,19250,大和ハウス工業株式会社,建設業,建設・資材 ,2
E02138,71220,近畿車輛株式会社,輸送用機器,自動車・輸送機 ,7
E04247,93630,株式会社大運,倉庫・運輸関連業,運輸・物流 ,
E05052,47340,株式会社ビーイング,情報・通信業,情報通信・サービスその他 ,
E02826,74630,株式会社アドヴァン,小売業,小売 ,7
E23973,,リーディング証券株式会社,,,
E04849,96980,株式会社クレオ,情報・通信業,情報通信・サービスその他 ,
E01061,42350,第一化成株式会社,化学,素材・化学 ,
E02045,68400,株式会社ＡＫＩＢＡホールディングス,電気機器,電機・精密 ,
E00988,49010,富士フイルムホールディングス株式会社,化学,素材・化学 ,2
E01741,65060,株式会社安川電機,電気機器,電機・精密 ,4
E03323,76180,株式会社ピーシーデポコーポレーション,小売業,小売 ,7
E04364,93750,株式会社近鉄エクスプレス,倉庫・運輸関連業,運輸・物流 ,6
E00808,41880,株式会社三菱ケミカルホールディングス,化学,素材・化学 ,2
E01276,54910,日本金属株式会社,鉄鋼,鉄鋼・非鉄 ,7
E03369,26840,株式会社ジパング,,,
E01268,56020,株式会社栗本鐵工所,鉄鋼,鉄鋼・非鉄 ,7
E00550,32050,株式会社ダイドーリミテッド,繊維製品,素材・化学 ,7
E02266,77210,東京計器株式会社,精密機器,電機・精密 ,7
E04097,90030,相鉄ホールディングス株式会社,陸運業,運輸・物流 ,4
E02167,72690,スズキ株式会社,輸送用機器,自動車・輸送機 ,2
E04161,90850,北海道中央バス株式会社,,,
E00543,31040,富士紡ホールディングス株式会社,繊維製品,素材・化学 ,6
E05003,46960,ワタベウェディング株式会社,サービス業,情報通信・サービスその他 ,7
E05209,42950,株式会社フェイス,情報・通信業,情報通信・サービスその他 ,7
E01916,69820,株式会社リード,輸送用機器,自動車・輸送機 ,
E01292,54450,東京鐵鋼株式会社,鉄鋼,鉄鋼・非鉄 ,7
E25665,66200,宮越ホールディングス株式会社,電気機器,電機・精密 ,7
E01296,56970,株式会社サンユウ,鉄鋼,鉄鋼・非鉄 ,
E04251,91300,共栄タンカー株式会社,海運業,運輸・物流 ,7
E05417,24110,ゲンダイエージェンシー株式会社,情報・通信業,情報通信・サービスその他 ,
E03600,,株式会社　但馬銀行,,,
E05513,23520,株式会社エイジア,情報・通信業,情報通信・サービスその他 ,
E32412,71870,ジェイリース株式会社,その他金融業,金融（除く銀行） ,
E30918,36940,株式会社オプティム,情報・通信業,情報通信・サービスその他 ,7
E32794,39790,株式会社うるる,情報・通信業,情報通信・サービスその他 ,
E05428,24150,ヒューマンホールディングス株式会社,サービス業,情報通信・サービスその他 ,
E04964,46510,株式会社サニックス,サービス業,情報通信・サービスその他 ,7
E04196,,立山黒部貫光株式会社,,,
E02005,68670,リーダー電子株式会社,電気機器,電機・精密 ,
E00147,18600,戸田建設株式会社,建設業,建設・資材 ,4
E01007,49980,フマキラー株式会社,化学,素材・化学 ,
E05302,23230,株式会社ｆｏｎｆｕｎ,情報・通信業,情報通信・サービスその他 ,
E01647,64080,小倉クラッチ株式会社,機械,機械 ,
E01364,59180,瀧上工業株式会社,金属製品,建設・資材 ,
E02329,77150,長野計器株式会社,精密機器,電機・精密 ,7
E26990,,住信ＳＢＩネット銀行株式会社,,,
E02819,,興和株式会社,,,
E00288,17570,クレアホールディングス株式会社,建設業,建設・資材 ,
E01121,52020,日本板硝子株式会社,ガラス・土石製品,建設・資材 ,6
E01772,67520,パナソニック株式会社,電気機器,電機・精密 ,1
E04507,,日本原子力発電株式会社,,,
E01704,63070,サンセイ株式会社,機械,機械 ,
E02024,68900,株式会社フェローテックホールディングス,電気機器,電機・精密 ,
E00439,20530,中部飼料株式会社,食料品,食品 ,7
E05480,37740,株式会社インターネットイニシアティブ,情報・通信業,情報通信・サービスその他 ,6
E00660,38800,大王製紙株式会社,パルプ・紙,素材・化学 ,6
E00697,,株式会社西日本新聞社,,,
E03604,83270,株式会社西日本シティ銀行,,,
E01300,57210,株式会社エス・サイエンス,非鉄金属,鉄鋼・非鉄 ,7
E32745,,株式会社東横イン,,,
E05307,23290,株式会社東北新社,情報・通信業,情報通信・サービスその他 ,
E04393,,山口放送株式会社,,,
E26290,31730,大阪工機株式会社,卸売業,商社・卸売 ,7
E01583,63900,株式会社加藤製作所,機械,機械 ,6
E01578,63710,株式会社椿本チエイン,機械,機械 ,6
E03124,82190,青山商事株式会社,小売業,小売 ,4
E02118,66360,株式会社ソルガム・ジャパン・ホールディングス,電気機器,電機・精密 ,
E05570,94210,株式会社エヌジェイホールディングス,情報・通信業,情報通信・サービスその他 ,
E25888,36580,株式会社イーブックイニシアティブジャパン,情報・通信業,情報通信・サービスその他 ,7
E05624,21200,株式会社ネクスト,サービス業,情報通信・サービスその他 ,6
E21258,62500,株式会社やまびこ,機械,機械 ,6
E02249,73120,タカタ株式会社,,,
E31560,77800,株式会社メニコン,精密機器,電機・精密 ,6
E01211,52840,株式会社ヤマウ,ガラス・土石製品,建設・資材 ,
E04960,75020,株式会社プラザクリエイト,サービス業,情報通信・サービスその他 ,
E31321,32240,株式会社ゼネラル・オイスター,小売業,小売 ,
E02305,79990,ＭＵＴＯＨホールディングス株式会社,電気機器,電機・精密 ,7
E01366,59740,中国工業株式会社,金属製品,建設・資材 ,7
E01082,50170,富士石油株式会社,石油・石炭製品,エネルギー資源 ,7
E04101,90480,名古屋鉄道株式会社,陸運業,運輸・物流 ,4
E03589,83850,株式会社伊予銀行,銀行業,銀行 ,4
E02452,64250,株式会社ユニバーサルエンターテインメント,機械,機械 ,
E31851,45940,株式会社グリーンペプタイド,医薬品,医薬品 ,
E00776,40630,信越化学工業株式会社,化学,素材・化学 ,1
E04934,97880,株式会社ナック,サービス業,情報通信・サービスその他 ,7
E01172,49900,昭和化学工業株式会社,化学,素材・化学 ,
E31948,39240,株式会社ランドコンピュータ,情報・通信業,情報通信・サービスその他 ,
E00917,46290,大伸化学株式会社,化学,素材・化学 ,
E31291,32230,株式会社エスエルディー,小売業,小売 ,
E03576,83690,株式会社京都銀行,銀行業,銀行 ,4
E32447,71890,株式会社西日本フィナンシャルホールディングス,銀行業,銀行 ,4
E02653,81910,株式会社光製作所,卸売業,商社・卸売 ,
E03174,98260,株式会社ＪＥＵＧＩＡ,小売業,小売 ,
E02650,81230,川辺株式会社,卸売業,商社・卸売 ,
E00027,14910,中外鉱業株式会社,非鉄金属,鉄鋼・非鉄 ,
E03565,83650,株式会社富山銀行,銀行業,銀行 ,7
E02952,27500,石光商事株式会社,卸売業,商社・卸売 ,
E02093,66660,リバーエレテック株式会社,電気機器,電機・精密 ,
E03845,,アクサ生命保険株式会社,,,
E02895,76020,株式会社カーチスホールディングス,卸売業,商社・卸売 ,
E33034,65440,ジャパンエレベーターサービスホールディングス株式会社,サービス業,情報通信・サービスその他 ,
E02682,80370,カメイ株式会社,卸売業,商社・卸売 ,7
E02899,76120,株式会社Ｎｕｔｓ,卸売業,商社・卸売 ,
E30908,94670,株式会社アルファポリス,情報・通信業,情報通信・サービスその他 ,
E00473,29030,シノブフーズ株式会社,食料品,食品 ,
E01795,67750,株式会社ＴＢグループ,電気機器,電機・精密 ,
E01008,42120,積水樹脂株式会社,化学,素材・化学 ,7
E02538,,株式会社トーハン,,,
E03090,81630,サトレストランシステムズ株式会社,小売業,小売 ,7
E00058,18120,鹿島建設株式会社,建設業,建設・資材 ,4
E00755,40080,住友精化株式会社,化学,素材・化学 ,6
E01758,65170,デンヨー株式会社,電気機器,電機・精密 ,7
E01830,68150,ユニデンホールディングス株式会社,電気機器,電機・精密 ,7
E00563,35770,東海染工株式会社,繊維製品,素材・化学 ,7
E00844,,太平化学製品株式会社,,,
E04298,93180,アジア開発キャピタル株式会社,証券、商品先物取引業,金融（除く銀行） ,
E00060,18200,西松建設株式会社,建設業,建設・資材 ,4
E04585,96050,東映株式会社,情報・通信業,情報通信・サービスその他 ,6
E02678,81590,株式会社立花エレテック,卸売業,商社・卸売 ,7
E03842,,トーア再保険株式会社,,,
E00064,18100,松井建設株式会社,建設業,建設・資材 ,7
E04520,95320,大阪瓦斯株式会社,電気・ガス業,電力・ガス ,2
E03399,27300,株式会社エディオン,小売業,小売 ,6
E02445,59650,株式会社フジマック,金属製品,建設・資材 ,
E00388,22240,株式会社コモ,食料品,食品 ,
E03611,83090,三井住友トラスト・ホールディングス株式会社,銀行業,銀行 ,2
E03627,,三井住友信託銀行株式会社,,,
E01474,60160,神戸発動機株式会社,輸送用機器,自動車・輸送機 ,
E00566,34090,北日本紡績株式会社,繊維製品,素材・化学 ,
E00252,,東邦電気工業株式会社,,,
E02140,72760,株式会社小糸製作所,電気機器,電機・精密 ,4
E00052,18010,大成建設株式会社,建設業,建設・資材 ,4
E25160,52890,ゼニス羽田ホールディングス株式会社,ガラス・土石製品,建設・資材 ,
E03233,74160,株式会社はるやまホールディングス,小売業,小売 ,7
E05657,21360,株式会社ヒップ,サービス業,情報通信・サービスその他 ,
E01163,53910,株式会社エーアンドエーマテリアル,ガラス・土石製品,建設・資材 ,7
E03717,87460,第一商品株式会社,証券、商品先物取引業,金融（除く銀行） ,
E05410,24330,株式会社博報堂ＤＹホールディングス,サービス業,情報通信・サービスその他 ,4
E02787,82250,株式会社　タカチホ,卸売業,商社・卸売 ,
E00576,35210,エコナックホールディングス株式会社,サービス業,情報通信・サービスその他 ,7
E00372,22040,株式会社中村屋,食料品,食品 ,7
E01618,,三井精機工業株式会社,,,
E02807,74440,ハリマ共和物産株式会社,卸売業,商社・卸売 ,
E04410,94040,日本テレビホールディングス株式会社,情報・通信業,情報通信・サービスその他 ,4
E02096,78360,アビックス株式会社,その他製品,情報通信・サービスその他 ,
E00469,28990,株式会社永谷園ホールディングス,食料品,食品 ,7
E02554,80780,阪和興業株式会社,卸売業,商社・卸売 ,4
E04322,93530,櫻島埠頭株式会社,倉庫・運輸関連業,運輸・物流 ,
E03251,74640,セフテック株式会社,卸売業,商社・卸売 ,
E01457,34240,ミヤコ株式会社,金属製品,建設・資材 ,
E02798,74260,株式会社山大,卸売業,商社・卸売 ,
E01362,59150,株式会社駒井ハルテック,金属製品,建設・資材 ,7
E02727,98850,株式会社　シャルレ,卸売業,商社・卸売 ,
E00026,57290,日本精鉱株式会社,非鉄金属,鉄鋼・非鉄 ,
E02845,74900,日新商事株式会社,卸売業,商社・卸売 ,
E02447,73990,株式会社ナンシン,輸送用機器,自動車・輸送機 ,
E03360,26730,夢みつけ隊株式会社,小売業,小売 ,
E04591,96350,武蔵野興業株式会社,サービス業,情報通信・サービスその他 ,
E00209,19660,株式会社高田工業所,建設業,建設・資材 ,
E00506,29220,株式会社なとり,食料品,食品 ,7
E01426,59450,天龍製鋸株式会社,金属製品,建設・資材 ,
E20922,21760,株式会社イナリサーチ,サービス業,情報通信・サービスその他 ,
E04331,80970,三愛石油株式会社,卸売業,商社・卸売 ,7
E01354,59020,ホッカンホールディングス株式会社,金属製品,建設・資材 ,7
E01681,64140,川重冷熱工業株式会社,機械,機械 ,
E04978,46640,株式会社アール・エス・シー,サービス業,情報通信・サービスその他 ,
E00485,,ジャパンローヤルゼリー株式会社,,,
E02290,,大和製衡株式会社,,,
E05248,43310,株式会社 テイクアンドギヴ・ニーズ,サービス業,情報通信・サービスその他 ,7
E04509,95110,沖縄電力株式会社,電気・ガス業,電力・ガス ,6
E02459,78510,カワセコンピュータサプライ株式会社,その他製品,情報通信・サービスその他 ,
E03252,74620,ダイヤ通商株式会社,小売業,小売 ,
E05425,24130,エムスリー株式会社,サービス業,情報通信・サービスその他 ,4
E00161,19760,明星工業株式会社,建設業,建設・資材 ,7
E04976,46620,株式会社フォーカスシステムズ,情報・通信業,情報通信・サービスその他 ,7
E02505,80150,豊田通商株式会社,卸売業,商社・卸売 ,4
E01433,59350,元旦ビューティ工業株式会社,金属製品,建設・資材 ,
E04826,97290,株式会社トーカイ,サービス業,情報通信・サービスその他 ,7
E03310,75960,株式会社魚力,小売業,小売 ,7
E03148,98540,愛眼株式会社,小売業,小売 ,7
E05544,24670,株式会社バルクホールディングス,,,
E01629,63460,キクカワエンタープライズ株式会社,機械,機械 ,
E01632,63570,三精テクノロジーズ株式会社,機械,機械 ,
E04115,,サンデン交通株式会社,,,
E03267,75080,株式会社Ｇ‐７ホールディングス,小売業,小売 ,7
E04123,90330,広島電鉄株式会社,陸運業,運輸・物流 ,
E02265,77010,株式会社　島津製作所,精密機器,電機・精密 ,4
E31957,39250,株式会社ダブルスタンダード,情報・通信業,情報通信・サービスその他 ,
E03207,99560,株式会社バローホールディングス,小売業,小売 ,4
E03588,83860,株式会社百十四銀行,銀行業,銀行 ,6
E00063,18050,飛島建設株式会社,建設業,建設・資材 ,6
E03580,83670,株式会社南都銀行,銀行業,銀行 ,6
E05385,23950,株式会社新日本科学,サービス業,情報通信・サービスその他 ,7
E01849,67180,アイホン株式会社,電気機器,電機・精密 ,7
E00596,35780,倉庫精練株式会社,繊維製品,素材・化学 ,
E33237,39870,エコモット株式会社,,,
E04915,,大黒屋グローバルホールディング株式会社,,,
E00204,19140,日本基礎技術株式会社,建設業,建設・資材 ,7
E00765,40280,石原産業株式会社,化学,素材・化学 ,6
E01142,52690,日本コンクリート工業株式会社,ガラス・土石製品,建設・資材 ,7
E04153,,東京地下鉄株式会社,,,
E01891,69930,大黒屋ホールディングス株式会社,小売業,小売 ,
E01035,49180,株式会社　アイビー化粧品,化学,素材・化学 ,
E02287,77580,株式会社セコニックホールディングス,機械,機械 ,
E01130,52330,太平洋セメント株式会社,ガラス・土石製品,建設・資材 ,4
E02855,75210,株式会社ムサシ,卸売業,商社・卸売 ,
E04396,,山陽放送株式会社,,,
E01376,59640,東洋刄物株式会社,金属製品,建設・資材 ,
E00659,39410,レンゴー株式会社,パルプ・紙,素材・化学 ,4
E03508,30690,株式会社アスラポート・ダイニング,小売業,小売 ,
E05145,48010,セントラルスポーツ株式会社,サービス業,情報通信・サービスその他 ,7
E03320,76150,京都きもの友禅株式会社,小売業,小売 ,7
E02666,81440,株式会社電響社,卸売業,商社・卸売 ,
E04522,,四国ガス株式会社,,,
E00558,33060,日本製麻株式会社,卸売業,商社・卸売 ,
E00181,19390,株式会社四電工,建設業,建設・資材 ,7
E03739,87050,岡藤ホールディングス株式会社,証券、商品先物取引業,金融（除く銀行） ,
E00260,17870,株式会社ナカボーテック,建設業,建設・資材 ,
E03003,30550,株式会社ほくやく・竹山ホールディングス,,,
E03581,83700,株式会社紀陽銀行,銀行業,銀行 ,4
E04293,93120,ケイヒン株式会社,倉庫・運輸関連業,運輸・物流 ,7
E03736,12340,株式会社日産フィナンシャルサービス,,,
E00501,28160,株式会社ダイショー,食料品,食品 ,
E01581,63800,オリエンタルチエン工業株式会社,機械,機械 ,
E01445,59410,株式会社中西製作所,金属製品,建設・資材 ,
E04232,90270,株式会社ロジネットジャパン,,,
E03907,88300,住友不動産株式会社,不動産業,不動産 ,2
E01077,50110,ニチレキ株式会社,石油・石炭製品,エネルギー資源 ,7
E02025,64240,株式会社高見沢サイバネティックス,機械,機械 ,
E00076,19460,株式会社トーエネック,建設業,建設・資材 ,7
E02674,,日本アルコール販売株式会社,,,
E00313,17230,日本電技株式会社,建設業,建設・資材 ,
E04346,93650,トレーディア株式会社,倉庫・運輸関連業,運輸・物流 ,
E26705,12340,ディー・ティー・ホールディングス株式会社,,,
E05025,46840,株式会社オービック,情報・通信業,情報通信・サービスその他 ,4
E01759,66510,日東工業株式会社,電気機器,電機・精密 ,6
E02878,75670,株式会社栄電子,卸売業,商社・卸売 ,
E00628,79030,名古屋木材株式会社,,,
E02875,75650,萬世電機株式会社,卸売業,商社・卸売 ,
E03770,86990,澤田ホールディングス株式会社,証券、商品先物取引業,金融（除く銀行） ,
E01329,58560,株式会社東理ホールディングス,小売業,小売 ,
E01259,54440,大和工業株式会社,鉄鋼,鉄鋼・非鉄 ,4
E02840,74830,株式会社ドウシシャ,卸売業,商社・卸売 ,6
E04345,93640,株式会社上組,倉庫・運輸関連業,運輸・物流 ,4
E03494,30590,ヒラキ株式会社,小売業,小売 ,
E03281,78720,Ａｓ-ｍｅエステール株式会社,その他製品,情報通信・サービスその他 ,7
E02419,64170,株式会社ＳＡＮＫＹＯ,機械,機械 ,4
E00945,45280,小野薬品工業株式会社,医薬品,医薬品 ,2
E01670,62720,レオン自動機株式会社,機械,機械 ,7
E03299,75710,株式会社ヤマノホールディングス,小売業,小売 ,
E03295,75620,株式会社安楽亭,小売業,小売 ,
E02354,77490,メディキット株式会社,精密機器,電機・精密 ,
E04877,99280,株式会社ミロク情報サービス,情報・通信業,情報通信・サービスその他 ,6
E01280,56590,日本精線株式会社,鉄鋼,鉄鋼・非鉄 ,7
E03405,27630,株式会社エフティグループ,卸売業,商社・卸売 ,
E02383,79800,株式会社　重松製作所,その他製品,情報通信・サービスその他 ,
E03166,98900,株式会社マキヤ,小売業,小売 ,
E01752,66440,大崎電気工業株式会社,電気機器,電機・精密 ,6
E00331,22640,森永乳業株式会社,食料品,食品 ,4
E02367,79740,任天堂株式会社,その他製品,情報通信・サービスその他 ,1
E00931,45160,日本新薬株式会社,医薬品,医薬品 ,4
E01855,18320,北海電気工事株式会社,,,
E00786,40940,日本化学産業株式会社,化学,素材・化学 ,
E01848,69300,日本アンテナ株式会社,電気機器,電機・精密 ,
E02610,81040,株式会社クワザワ,,,
E04112,,越後交通株式会社,,,
E00105,18270,株式会社ナカノフドー建設,建設業,建設・資材 ,7
E03756,86090,株式会社岡三証券グループ,証券、商品先物取引業,金融（除く銀行） ,4
E00255,17930,株式会社大本組,建設業,建設・資材 ,
E04878,61970,株式会社ソラスト,サービス業,情報通信・サービスその他 ,7
E04191,90720,ニッコンホールディングス株式会社,陸運業,運輸・物流 ,4
E01495,61340,富士機械製造株式会社,機械,機械 ,6
E02530,80410,ＯＵＧホールディングス株式会社,卸売業,商社・卸売 ,7
E01952,69620,株式会社大真空,電気機器,電機・精密 ,7
E01897,67060,電気興業株式会社,電気機器,電機・精密 ,7
E00494,29160,仙波糖化工業株式会社,食料品,食品 ,
E01761,63330,株式会社帝国電機製作所,機械,機械 ,7
E01974,69430,ＮＫＫスイッチズ株式会社,電気機器,電機・精密 ,
E00893,46130,関西ペイント株式会社,化学,素材・化学 ,4
E01143,52680,旭コンクリート工業株式会社,ガラス・土石製品,建設・資材 ,
E22440,31510,株式会社バイタルケーエスケー・ホールディングス,卸売業,商社・卸売 ,7
E02823,74610,株式会社キムラ,卸売業,商社・卸売 ,
E01954,69640,株式会社サンコー,電気機器,電機・精密 ,
E00904,46350,東京インキ株式会社,化学,素材・化学 ,
E01180,53560,美濃窯業株式会社,,,
E04800,97610,東海リース株式会社,サービス業,情報通信・サービスその他 ,
E00712,79220,三光産業株式会社,その他製品,情報通信・サービスその他 ,
E01887,68440,新電元工業株式会社,電気機器,電機・精密 ,6
E00612,35150,株式会社フジコー,繊維製品,素材・化学 ,
E00456,80060,ユアサ・フナショク株式会社,卸売業,商社・卸売 ,
E02510,80320,日本紙パルプ商事株式会社,卸売業,商社・卸売 ,7
E30066,32930,アズマハウス株式会社,不動産業,不動産 ,
E05423,24120,株式会社ベネフィット・ワン,サービス業,情報通信・サービスその他 ,
E03788,87070,岩井コスモホールディングス株式会社,証券、商品先物取引業,金融（除く銀行） ,7
E04916,96100,ウィルソン・ラーニング　ワールドワイド株式会社,サービス業,情報通信・サービスその他 ,
E04223,90340,南総通運株式会社,陸運業,運輸・物流 ,
E05064,,株式会社きずな,,,
E04727,23400,株式会社極楽湯ホールディングス,サービス業,情報通信・サービスその他 ,
E00347,20030,日東富士製粉株式会社,食料品,食品 ,7
E00544,31050,日清紡ホールディングス株式会社,電気機器,電機・精密 ,4
E01218,53810,Mipox株式会社,ガラス・土石製品,建設・資材 ,
E10802,,モルガン・スタンレーMUFG証券株式会社,,,
E02518,80840,菱電商事株式会社,卸売業,商社・卸売 ,7
E02588,80250,株式会社ツカモトコーポレーション,卸売業,商社・卸売 ,7
E05090,47610,株式会社さくらケーシーエス,情報・通信業,情報通信・サービスその他 ,
E00693,79120,大日本印刷株式会社,その他製品,情報通信・サービスその他 ,4
E03291,75500,株式会社ゼンショーホールディングス,小売業,小売 ,4
E04329,93800,東海運株式会社,倉庫・運輸関連業,運輸・物流 ,7
E23871,66290,テクノホライゾン・ホールディングス株式会社,電気機器,電機・精密 ,
E01136,53340,日本特殊陶業株式会社,ガラス・土石製品,建設・資材 ,4
E00055,18020,株式会社大林組,建設業,建設・資材 ,4
E00092,19450,株式会社東京エネシス,建設業,建設・資材 ,6
E01492,61310,浜井産業株式会社,機械,機械 ,
E21955,34430,川田テクノロジーズ株式会社,金属製品,建設・資材 ,7
E32161,39330,チエル株式会社,情報・通信業,情報通信・サービスその他 ,
E05521,37980,ＵＬＳグループ株式会社,情報・通信業,情報通信・サービスその他 ,
E04159,90820,大和自動車交通株式会社,陸運業,運輸・物流 ,
E00207,19300,北陸電気工事株式会社,建設業,建設・資材 ,7
E00677,39430,大石産業株式会社,,,
E01904,69960,ニチコン株式会社,電気機器,電機・精密 ,6
E03626,,三菱ＵＦＪ信託銀行株式会社,,,
E03519,30880,株式会社マツモトキヨシホールディングス,小売業,小売 ,4
E01478,60050,三浦工業株式会社,機械,機械 ,4
E01570,63670,ダイキン工業株式会社,機械,機械 ,2
E03587,83880,株式会社阿波銀行,銀行業,銀行 ,6
E01150,53520,黒崎播磨株式会社,ガラス・土石製品,建設・資材 ,7
E00033,96750,常磐興産株式会社,サービス業,情報通信・サービスその他 ,7
E00694,79130,図書印刷株式会社,その他製品,情報通信・サービスその他 ,7
E01764,66370,寺崎電気産業株式会社,電気機器,電機・精密 ,
E02175,72450,大同メタル工業株式会社,輸送用機器,自動車・輸送機 ,6
E03178,99000,株式会社サガミチェーン,小売業,小売 ,7
E04856,96870,株式会社ＫＳＫ,情報・通信業,情報通信・サービスその他 ,
E05325,48270,ビジネス・ワンホールディングス株式会社,,,
E00986,45700,株式会社免疫生物研究所,医薬品,医薬品 ,
E03332,76370,白銅株式会社,卸売業,商社・卸売 ,7
E03614,83160,株式会社三井住友フィナンシャルグループ,銀行業,銀行 ,1
E03617,,株式会社三井住友銀行,,,
E00458,22880,丸大食品株式会社,食料品,食品 ,7
E01493,61250,株式会社岡本工作機械製作所,機械,機械 ,
E02004,69120,菊水電子工業株式会社,電気機器,電機・精密 ,
E24994,66270,株式会社テラプローブ,電気機器,電機・精密 ,
E00090,18080,株式会社長谷工コーポレーション,建設業,建設・資材 ,4
E03943,88480,株式会社レオパレス２１,不動産業,不動産 ,4
E03558,,株式会社東京都民銀行,,,
E00193,19350,株式会社ＴＴＫ,建設業,建設・資材 ,
E01642,62820,オイレス工業株式会社,機械,機械 ,6
E03657,85430,株式会社 みなと銀行,銀行業,銀行 ,7
E01078,,株式会社りゅうせき,,,
E00705,79180,株式会社ヴィア・ホールディングス,小売業,小売 ,7
E04375,94010,株式会社東京放送ホールディングス,情報・通信業,情報通信・サービスその他 ,4
E04060,32310,野村不動産ホールディングス株式会社,不動産業,不動産 ,4
E02718,98670,ソレキア株式会社,卸売業,商社・卸売 ,
E04337,93600,鈴与シンワート株式会社,情報・通信業,情報通信・サービスその他 ,
E00911,46250,アトミクス株式会社,化学,素材・化学 ,
E04278,,株式会社ＡＩＲＤＯ,,,
E03229,99970,株式会社ベルーナ,小売業,小売 ,6
E02177,72440,市光工業株式会社,電気機器,電機・精密 ,6
E30746,71730,株式会社東京ＴＹフィナンシャルグループ,銀行業,銀行 ,6
E03656,85450,株式会社関西アーバン銀行,銀行業,銀行 ,7
E03686,,株式会社　八千代銀行,,,
E11873,38630,日本製紙株式会社,パルプ・紙,素材・化学 ,4
E03727,84620,フューチャーベンチャーキャピタル株式会社,証券、商品先物取引業,金融（除く銀行） ,
E02185,56440,株式会社メタルアート,鉄鋼,鉄鋼・非鉄 ,
E04206,90600,日本ロジテム株式会社,陸運業,運輸・物流 ,
E02854,75190,五洋インテックス株式会社,卸売業,商社・卸売 ,
E30865,45910,株式会社リボミック,医薬品,医薬品 ,
E01441,59730,株式会社トーアミ,金属製品,建設・資材 ,
E01929,69250,ウシオ電機株式会社,電気機器,電機・精密 ,4
E01751,65130,オリジン電気株式会社,電気機器,電機・精密 ,7
E05719,38580,株式会社ユビキタス,情報・通信業,情報通信・サービスその他 ,
E01953,69630,ローム株式会社,電気機器,電機・精密 ,4
E01107,51890,櫻護謨株式会社,ゴム製品,自動車・輸送機 ,
E03450,33600,シップヘルスケアホールディングス株式会社,卸売業,商社・卸売 ,6
E31079,60330,株式会社エクストリーム,サービス業,情報通信・サービスその他 ,
E04078,32500,株式会社エー・ディー・ワークス,不動産業,不動産 ,7
E04762,85910,オリックス株式会社,その他金融業,金融（除く銀行） ,2
E03801,37720,ウェルス・マネジメント株式会社,情報・通信業,情報通信・サービスその他 ,
E31446,60450,株式会社レントラックス,サービス業,情報通信・サービスその他 ,
E01607,64790,ミネベアミツミ株式会社,電気機器,電機・精密 ,4
E00766,40410,日本曹達株式会社,化学,素材・化学 ,6
E32203,61930,バーチャレクス・コンサルティング株式会社,サービス業,情報通信・サービスその他 ,
E32204,35040,株式会社丸八ホールディングス,,,
E03802,,みらい證券株式会社,,,
E01824,69760,太陽誘電株式会社,電気機器,電機・精密 ,4
E04616,,株式会社東海カントリークラブ,,,
E31588,31360,株式会社エコノス,,,
E31381,60390,株式会社日本動物高度医療センター,サービス業,情報通信・サービスその他 ,
E31855,61810,株式会社パートナーエージェント,サービス業,情報通信・サービスその他 ,
E05645,38250,株式会社リミックスポイント,情報・通信業,情報通信・サービスその他 ,
E03186,99270,株式会社ワットマン,小売業,小売 ,
E03723,87420,株式会社小林洋行,証券、商品先物取引業,金融（除く銀行） ,7
E00382,22180,日糧製パン株式会社,,,
E01873,67240,セイコーエプソン株式会社,電気機器,電機・精密 ,4
E01287,56580,日亜鋼業株式会社,鉄鋼,鉄鋼・非鉄 ,7
E01544,63650,株式会社電業社機械製作所,機械,機械 ,
E00380,22080,株式会社ブルボン,食料品,食品 ,
E27572,31840,ＩＣＤＡホールディングス株式会社,小売業,小売 ,
E03716,87470,豊商事株式会社,証券、商品先物取引業,金融（除く銀行） ,
E01739,65030,三菱電機株式会社,電気機器,電機・精密 ,2
E01232,56310,株式会社日本製鋼所,機械,機械 ,4
E00642,38610,王子ホールディングス株式会社,パルプ・紙,素材・化学 ,4
E00189,19810,株式会社協和日成,建設業,建設・資材 ,
E02134,71020,日本車輌製造株式会社,輸送用機器,自動車・輸送機 ,7
E04092,90080,京王電鉄株式会社,陸運業,運輸・物流 ,4
E01914,69810,株式会社村田製作所,電気機器,電機・精密 ,1
E03753,86010,株式会社大和証券グループ本社,証券、商品先物取引業,金融（除く銀行） ,2
E02271,77310,株式会社ニコン,精密機器,電機・精密 ,4
E02534,80180,三共生興株式会社,卸売業,商社・卸売 ,7
E00452,28050,ヱスビー食品株式会社,食料品,食品 ,
E04262,,新日本海フェリー株式会社,,,
E06228,,大和証券株式会社,,,
E01724,64050,鈴茂器工株式会社,機械,機械 ,
E02446,78730,株式会社アーク,その他製品,情報通信・サービスその他 ,7
E02806,74430,横浜魚類株式会社,卸売業,商社・卸売 ,
E30443,90900,株式会社丸和運輸機関,陸運業,運輸・物流 ,7
E01748,66230,愛知電機株式会社,,,
E27273,14200,サンヨーホームズ株式会社,建設業,建設・資材 ,7
E00085,18210,三井住友建設株式会社,建設業,建設・資材 ,4
E00716,78930,株式会社プロネクサス,その他製品,情報通信・サービスその他 ,7
E04514,95310,東京瓦斯株式会社,電気・ガス業,電力・ガス ,2
E00095,18220,大豊建設株式会社,建設業,建設・資材 ,6
E00633,78960,セブン工業株式会社,その他製品,情報通信・サービスその他 ,
E00772,40470,関東電化工業株式会社,化学,素材・化学 ,6
E00929,45140,あすか製薬株式会社,医薬品,医薬品 ,6
E02458,48160,東映アニメーション株式会社,情報・通信業,情報通信・サービスその他 ,
E00545,31210,マーチャント・バンカーズ株式会社,サービス業,情報通信・サービスその他 ,
E01573,63700,栗田工業株式会社,機械,機械 ,4
E01907,69980,日本タングステン株式会社,電気機器,電機・精密 ,
E04824,97330,株式会社ナガセ,サービス業,情報通信・サービスその他 ,
E25678,45810,大正製薬ホールディングス株式会社,医薬品,医薬品 ,4
E03545,83410,株式会社七十七銀行,銀行業,銀行 ,4
E03856,88020,三菱地所株式会社,不動産業,不動産 ,1
E01297,99640,株式会社アイ・テック,卸売業,商社・卸売 ,
E02608,81290,東邦ホールディングス株式会社,卸売業,商社・卸売 ,4
E01816,67430,大同信号株式会社,電気機器,電機・精密 ,
E04044,89990,グランディハウス株式会社,不動産業,不動産 ,7
E04090,90050,東京急行電鉄株式会社,陸運業,運輸・物流 ,4
E03733,87370,株式会社あかつき本社,証券、商品先物取引業,金融（除く銀行） ,
E01743,65070,シンフォニアテクノロジー株式会社,電気機器,電機・精密 ,6
E00024,57060,三井金属鉱業株式会社,非鉄金属,鉄鋼・非鉄 ,4
E01533,63020,住友重機械工業株式会社,機械,機械 ,4
E00069,18110,株式会社錢高組,建設業,建設・資材 ,7
E01245,54840,東北特殊鋼株式会社,鉄鋼,鉄鋼・非鉄 ,
E02684,80710,東海エレクトロニクス株式会社,,,
E01084,50190,出光興産株式会社,石油・石炭製品,エネルギー資源 ,4
E00664,39440,古林紙工株式会社,パルプ・紙,素材・化学 ,
E32990,93250,株式会社ファイズ,倉庫・運輸関連業,運輸・物流 ,
E03606,83060,株式会社三菱ＵＦＪフィナンシャル・グループ,銀行業,銀行 ,1
E05159,84730,ＳＢＩホールディングス株式会社,証券、商品先物取引業,金融（除く銀行） ,4
E11701,,株式会社 日本政策投資銀行,,,
E03673,85590,株式会社豊和銀行,,,
E03533,,株式会社三菱東京ＵＦＪ銀行,,,
E01959,69580,日本シイエムケイ株式会社,電気機器,電機・精密 ,6
E01661,63300,東洋エンジニアリング株式会社,建設業,建設・資材 ,6
E04399,94080,株式会社新潟放送,情報・通信業,情報通信・サービスその他 ,
E00713,79230,トーイン株式会社,その他製品,情報通信・サービスその他 ,
E02574,80430,スターゼン株式会社,卸売業,商社・卸売 ,7
E00590,35910,株式会社ワコールホールディングス,繊維製品,素材・化学 ,4
E03624,83540,株式会社ふくおかフィナンシャルグループ,銀行業,銀行 ,4
E30917,62400,ヤマシンフィルタ株式会社,機械,機械 ,7
E02739,98180,大丸エナウィン株式会社,卸売業,商社・卸売 ,
E03591,,株式会社福岡銀行,,,
E31936,39260,株式会社オープンドア,情報・通信業,情報通信・サービスその他 ,7
E00153,19750,株式会社朝日工業社,建設業,建設・資材 ,7
E02828,74670,萩原電気株式会社,卸売業,商社・卸売 ,7
E01352,58210,平河ヒューテック株式会社,非鉄金属,鉄鋼・非鉄 ,7
E04796,97690,株式会社 学究社,サービス業,情報通信・サービスその他 ,7
E02170,72260,極東開発工業株式会社,輸送用機器,自動車・輸送機 ,6
E02647,81190,株式会社三栄コーポレーション,卸売業,商社・卸売 ,
E00609,99800,マルコ株式会社,小売業,小売 ,
E32168,61880,富士ソフトサービスビューロ株式会社,サービス業,情報通信・サービスその他 ,
E00056,18610,株式会社熊谷組,建設業,建設・資材 ,6
E32420,35420,株式会社ベガコーポレーション,小売業,小売 ,
E01765,67010,日本電気株式会社,電気機器,電機・精密 ,4
E02450,78670,株式会社タカラトミー,その他製品,情報通信・サービスその他 ,6
E31977,39270,株式会社アークン,情報・通信業,情報通信・サービスその他 ,
E05291,23070,株式会社クロスキャット,情報・通信業,情報通信・サービスその他 ,
E30047,36790,株式会社じげん,情報・通信業,情報通信・サービスその他 ,
E04020,89220,日本アセットマーケティング株式会社,不動産業,不動産 ,
E22547,31500,株式会社グリムス,卸売業,商社・卸売 ,
E02516,,国際紙パルプ商事株式会社,,,
E05569,24790,株式会社ジェイテック,サービス業,情報通信・サービスその他 ,
E31635,90990,株式会社Ｃ＆Ｆロジホールディングス,陸運業,運輸・物流 ,7
E00926,88410,株式会社テーオーシー,不動産業,不動産 ,7
E04414,94090,株式会社テレビ朝日ホールディングス,情報・通信業,情報通信・サービスその他 ,4
E00032,57150,古河機械金属株式会社,非鉄金属,鉄鋼・非鉄 ,6
E04129,,遠州鉄道株式会社,,,
E02713,98570,英和株式会社,卸売業,商社・卸売 ,
E02598,,株式会社新潟ケンベイ,,,
E02223,72970,株式会社カーメイト,輸送用機器,自動車・輸送機 ,
E00935,45210,科研製薬株式会社,医薬品,医薬品 ,4
E05056,46940,株式会社ビー・エム・エル,サービス業,情報通信・サービスその他 ,6
E05030,47200,株式会社城南進学研究社,サービス業,情報通信・サービスその他 ,
E01771,67510,日本無線株式会社,,,
E00035,70210,株式会社ニッチツ,機械,機械 ,
E01718,64280,株式会社オーイズミ,機械,機械 ,7
E01920,65860,株式会社マキタ,機械,機械 ,4
E02483,42400,クラスターテクノロジー株式会社,化学,素材・化学 ,
E00753,40060,チッソ株式会社,,,
E02711,98490,株式会社共同紙販ホールディングス,卸売業,商社・卸売 ,
E01773,67530,シャープ株式会社,電気機器,電機・精密 ,
E03505,30770,ホリイフードサービス株式会社,小売業,小売 ,
E00335,22810,プリマハム株式会社,食料品,食品 ,6
E01804,65910,西芝電機株式会社,電気機器,電機・精密 ,
E00610,36000,株式会社フジックス,繊維製品,素材・化学 ,
E00879,41180,株式会社カネカ,化学,素材・化学 ,4
E01935,69520,カシオ計算機株式会社,電気機器,電機・精密 ,4
E01365,59220,那須電機鉄工株式会社,金属製品,建設・資材 ,
E03646,71840,株式会社富山第一銀行,銀行業,銀行 ,7
E01173,53040,ＳＥＣカーボン株式会社,ガラス・土石製品,建設・資材 ,
E00813,41170,川崎化成工業株式会社,化学,素材・化学 ,
E01973,62740,株式会社新川,機械,機械 ,7
E01195,53880,クニミネ工業株式会社,ガラス・土石製品,建設・資材 ,
E00082,18900,東洋建設株式会社,建設業,建設・資材 ,6
E00572,35130,イチカワ株式会社,繊維製品,素材・化学 ,7
E01617,63250,株式会社タカキタ,機械,機械 ,7
E01571,63680,オルガノ株式会社,機械,機械 ,7
E03969,46810,リゾートトラスト株式会社,サービス業,情報通信・サービスその他 ,4
E00030,33150,日本コークス工業株式会社,石油・石炭製品,エネルギー資源 ,7
E04304,93190,株式会社中央倉庫,倉庫・運輸関連業,運輸・物流 ,7
E00882,44060,新日本理化株式会社,化学,素材・化学 ,7
E00231,19060,株式会社細田工務店,建設業,建設・資材 ,
E01636,63630,株式会社酉島製作所,機械,機械 ,7
E00508,28310,はごろもフーズ株式会社,食料品,食品 ,
E02676,81540,加賀電子株式会社,卸売業,商社・卸売 ,7
E04089,90060,京浜急行電鉄株式会社,陸運業,運輸・物流 ,4
E00322,17210,コムシスホールディングス株式会社,建設業,建設・資材 ,4
E27671,73150,IJTテクノロジーホールディングス株式会社,輸送用機器,自動車・輸送機 ,
E04088,90070,小田急電鉄株式会社,陸運業,運輸・物流 ,4
E01146,53510,品川リフラクトリーズ株式会社,ガラス・土石製品,建設・資材 ,7
E00573,35120,日本フエルト株式会社,繊維製品,素材・化学 ,7
E01021,,株式会社ナリス化粧品,,,
E00430,26080,ボーソー油脂株式会社,食料品,食品 ,
E00221,18790,新日本建設株式会社,建設業,建設・資材 ,7
E01808,68000,株式会社ヨコオ,電気機器,電機・精密 ,7
E03468,33970,株式会社　トリドールホールディングス,小売業,小売 ,6
E00454,20550,日和産業株式会社,食料品,食品 ,
E00034,88350,太平洋興発株式会社,卸売業,商社・卸売 ,7
E01841,69860,双葉電子工業株式会社,電気機器,電機・精密 ,6
E01002,42080,宇部興産株式会社,化学,素材・化学 ,4
E01780,67620,ＴＤＫ株式会社,電気機器,電機・精密 ,4
E02348,42370,フジプレアム株式会社,化学,素材・化学 ,
E00686,39540,昭和パックス株式会社,パルプ・紙,素材・化学 ,
E00232,19050,株式会社テノックス,建設業,建設・資材 ,
E00821,42050,日本ゼオン株式会社,化学,素材・化学 ,4
E01137,53330,日本碍子株式会社,ガラス・土石製品,建設・資材 ,4
E03585,83790,株式会社広島銀行,銀行業,銀行 ,4
E04091,90090,京成電鉄株式会社,陸運業,運輸・物流 ,4
E01662,63510,株式会社鶴見製作所,機械,機械 ,7
E22560,45740,大幸薬品株式会社,医薬品,医薬品 ,7
E02280,80500,セイコーホールディングス株式会社,精密機器,電機・精密 ,6
E02712,98520,CBグループマネジメント株式会社,卸売業,商社・卸売 ,
E00531,31110,オーミケンシ株式会社,繊維製品,素材・化学 ,
E01076,50090,富士興産株式会社,卸売業,商社・卸売 ,7
E03764,86160,東海東京フィナンシャル・ホールディングス株式会社,証券、商品先物取引業,金融（除く銀行） ,4
E01049,49220,株式会社コーセー,化学,素材・化学 ,4
E00567,35290,アツギ株式会社,繊維製品,素材・化学 ,7
E03984,88810,日神不動産株式会社,不動産業,不動産 ,7
E00277,17700,藤田エンジニアリング株式会社,建設業,建設・資材 ,
E03746,87720,株式会社アサックス,その他金融業,金融（除く銀行） ,7
E00317,17190,株式会社安藤・間,建設業,建設・資材 ,6
E03958,88640,空港施設株式会社,不動産業,不動産 ,7
E00527,31030,ユニチカ株式会社,繊維製品,素材・化学 ,6
E01643,62470,株式会社日阪製作所,機械,機械 ,7
E01857,69040,原田工業株式会社,電気機器,電機・精密 ,
E03991,88910,株式会社エムジーホーム,不動産業,不動産 ,
E01956,97660,コナミホールディングス株式会社,情報・通信業,情報通信・サービスその他 ,4
E01098,51920,三ツ星ベルト株式会社,ゴム製品,自動車・輸送機 ,7
E01088,51030,昭和ホールディングス株式会社,ゴム製品,自動車・輸送機 ,
E04540,97130,株式会社ロイヤルホテル,サービス業,情報通信・サービスその他 ,
E05690,38490,日本テクノ・ラボ株式会社,,,
E04997,46870,ＴＤＣソフトウェアエンジニアリング株式会社,情報・通信業,情報通信・サービスその他 ,7
E01926,69970,日本ケミコン株式会社,電気機器,電機・精密 ,6
E01984,67480,星和電機株式会社,電気機器,電機・精密 ,
E01819,67710,池上通信機株式会社,電気機器,電機・精密 ,7
E01330,57410,株式会社ＵＡＣＪ,非鉄金属,鉄鋼・非鉄 ,6
E30124,32940,株式会社イーグランド,不動産業,不動産 ,
E27624,42750,カーリットホールディングス株式会社,化学,素材・化学 ,7
E03835,,朝日火災海上保険株式会社,,,
E04948,94350,株式会社光通信,情報・通信業,情報通信・サービスその他 ,4
E00135,0,新生テクノス株式会社,,,
E02616,80460,丸藤シートパイル株式会社,卸売業,商社・卸売 ,
E01216,52870,株式会社イトーヨーギョー,ガラス・土石製品,建設・資材 ,
E02369,79940,株式会社　岡村製作所,その他製品,情報通信・サービスその他 ,6
E02382,79900,グローブライド株式会社,その他製品,情報通信・サービスその他 ,7
E00053,18030,清水建設株式会社,建設業,建設・資材 ,4
E00109,19720,三晃金属工業株式会社,建設業,建設・資材 ,7
E04330,93590,伊勢湾海運株式会社,,,
E01817,69890,北陸電気工業株式会社,電気機器,電機・精密 ,7
E00272,17760,三井住建道路株式会社,建設業,建設・資材 ,
E04294,93070,株式会社杉村倉庫,倉庫・運輸関連業,運輸・物流 ,
E02784,99920,株式会社理研グリーン,卸売業,商社・卸売 ,
E01139,53310,株式会社ノリタケカンパニーリミテド,ガラス・土石製品,建設・資材 ,7
E04554,,朝日観光株式会社,,,
E01320,59280,アルメタックス株式会社,金属製品,建設・資材 ,
E01843,67160,テクニカル電子株式会社,電気機器,電機・精密 ,
E01966,69470,株式会社図研,電気機器,電機・精密 ,7
E04944,97800,株式会社ハリマビステム,サービス業,情報通信・サービスその他 ,
E02551,12340,東工コーセン株式会社,,,
E02008,62980,ワイエイシイホールディングス株式会社,機械,機械 ,7
E01391,59620,浅香工業株式会社,その他製品,情報通信・サービスその他 ,
E00912,79530,菊水化学工業株式会社,その他製品,情報通信・サービスその他 ,
E04242,91150,明治海運株式会社,海運業,運輸・物流 ,7
E04858,96850,KYCOMホールディングス株式会社,情報・通信業,情報通信・サービスその他 ,
E01946,69540,ファナック株式会社,電気機器,電機・精密 ,1
E27506,60740,株式会社ジェイエスエス,サービス業,情報通信・サービスその他 ,
E03109,82080,株式会社エンチョー,小売業,小売 ,
E00760,40220,ラサ工業株式会社,化学,素材・化学 ,7
E00521,30100,価値開発株式会社,サービス業,情報通信・サービスその他 ,
E03346,68360,ぷらっとホーム株式会社,電気機器,電機・精密 ,
E32458,65340,D.A.コンソーシアムホールディングス株式会社,サービス業,情報通信・サービスその他 ,
E04289,93100,日本トランスシティ株式会社,倉庫・運輸関連業,運輸・物流 ,7
E02217,72920,株式会社村上開明堂,輸送用機器,自動車・輸送機 ,
E00724,78680,株式会社廣済堂,その他製品,情報通信・サービスその他 ,7
E00396,25310,宝ホールディングス株式会社,食料品,食品 ,4
E00899,41190,日本ピグメント株式会社,化学,素材・化学 ,
E04283,93010,三菱倉庫株式会社,倉庫・運輸関連業,運輸・物流 ,4
E01094,51210,藤倉ゴム工業株式会社,ゴム製品,自動車・輸送機 ,7
E05265,48370,シダックス株式会社,サービス業,情報通信・サービスその他 ,
E02143,72020,いすゞ自動車株式会社,輸送用機器,自動車・輸送機 ,2
E01018,45400,株式会社ツムラ,医薬品,医薬品 ,4
E00695,79140,共同印刷株式会社,その他製品,情報通信・サービスその他 ,7
E00888,43650,松本油脂製薬株式会社,化学,素材・化学 ,
E02821,74560,松田産業株式会社,卸売業,商社・卸売 ,7
E00781,40970,高圧ガス工業株式会社,化学,素材・化学 ,7
E01521,62180,エンシュウ株式会社,機械,機械 ,7
E02429,78950,中央化学株式会社,化学,素材・化学 ,
E02569,19480,株式会社弘電社,建設業,建設・資材 ,
E00947,45340,持田製薬株式会社,医薬品,医薬品 ,4
E00080,18850,東亜建設工業株式会社,建設業,建設・資材 ,6
E02136,71050,ニチユ三菱フォークリフト株式会社,輸送用機器,自動車・輸送機 ,7
E02910,76350,杉田エース株式会社,卸売業,商社・卸売 ,
E02403,64120,株式会社平和,機械,機械 ,6
E04336,91930,東京汽船株式会社,倉庫・運輸関連業,運輸・物流 ,
E01977,68620,ミナトホールディングス株式会社,電気機器,電機・精密 ,
E01703,63030,株式会社ササクラ,機械,機械 ,
E00529,31070,ダイワボウホールディングス株式会社,卸売業,商社・卸売 ,6
E21342,15140,住石ホールディングス株式会社,鉱業,エネルギー資源 ,7
E04932,97910,株式会社ビケンテクノ,サービス業,情報通信・サービスその他 ,
E01127,52320,住友大阪セメント株式会社,ガラス・土石製品,建設・資材 ,4
E02549,81010,株式会社ＧＳＩクレオス,卸売業,商社・卸売 ,7
E02304,69600,フクダ電子株式会社,電気機器,電機・精密 ,
E04286,93040,澁澤倉庫株式会社,倉庫・運輸関連業,運輸・物流 ,7
E03476,30340,クオール株式会社,小売業,小売 ,6
E00909,46230,株式会社アサヒペン,化学,素材・化学 ,
E00769,40440,セントラル硝子株式会社,化学,素材・化学 ,4
E01156,52610,リソルホールディングス株式会社,サービス業,情報通信・サービスその他 ,7
E23924,86300,ＳＯＭＰＯホールディングス株式会社,保険業,金融（除く銀行） ,2
E01113,51850,株式会社フコク,ゴム製品,自動車・輸送機 ,7
E05664,38370,アドソル日進株式会社,情報・通信業,情報通信・サービスその他 ,7
E04328,93570,名港海運株式会社,,,
E01575,19630,日揮株式会社,建設業,建設・資材 ,4
E02917,26540,株式会社アスモ,小売業,小売 ,
E03827,,損害保険ジャパン日本興亜株式会社,,,
E05121,47810,日本ハウズイング株式会社,サービス業,情報通信・サービスその他 ,
E01572,63690,トーヨーカネツ株式会社,機械,機械 ,6
E02180,63920,株式会社ヤマダコーポレーション,機械,機械 ,
E01646,64030,水道機工株式会社,機械,機械 ,
E03967,88690,明和地所株式会社,不動産業,不動産 ,7
E00746,78380,共立印刷株式会社,その他製品,情報通信・サービスその他 ,7
E02837,74810,尾家産業株式会社,卸売業,商社・卸売 ,7
E00345,20010,日本製粉株式会社,食料品,食品 ,6
E02851,75100,株式会社たけびし,卸売業,商社・卸売 ,7
E01590,64360,アマノ株式会社,機械,機械 ,4
E01675,62760,ナビタス株式会社,機械,機械 ,
E04707,46610,株式会社オリエンタルランド,サービス業,情報通信・サービスその他 ,2
E00361,21120,塩水港精糖株式会社,食料品,食品 ,7
E02373,79810,タカラスタンダード株式会社,その他製品,情報通信・サービスその他 ,6
E01823,66240,田淵電機株式会社,電気機器,電機・精密 ,7
E26216,66180,株式会社大泉製作所,電気機器,電機・精密 ,
E21200,56140,株式会社川金ホールディングス,鉄鋼,鉄鋼・非鉄 ,
E00630,78980,株式会社ウッドワン,その他製品,情報通信・サービスその他 ,7
E00696,79160,光村印刷株式会社,その他製品,情報通信・サービスその他 ,7
E02381,64540,マックス株式会社,機械,機械 ,7
E03691,12340,株式会社日貿信,,,
E03005,30790,ディーブイエックス株式会社,卸売業,商社・卸売 ,7
E32801,65390,株式会社ＭＳ－Ｊａｐａｎ,サービス業,情報通信・サービスその他 ,
E04178,90680,丸全昭和運輸株式会社,陸運業,運輸・物流 ,7
E03639,85500,株式会社栃木銀行,銀行業,銀行 ,7
E25664,78170,パラマウントベッドホールディングス株式会社,その他製品,情報通信・サービスその他 ,6
E01477,60230,ダイハツディーゼル株式会社,輸送用機器,自動車・輸送機 ,
E04502,95020,中部電力株式会社,電気・ガス業,電力・ガス ,2
E02615,80450,横浜丸魚株式会社,卸売業,商社・卸売 ,
E04535,97010,株式会社東京會舘,サービス業,情報通信・サービスその他 ,
E04319,90620,日本通運株式会社,陸運業,運輸・物流 ,4
E00066,18820,東亜道路工業株式会社,建設業,建設・資材 ,7
E04376,94020,中部日本放送株式会社,,,
E04158,90810,神奈川中央交通株式会社,陸運業,運輸・物流 ,7
E02027,68240,新コスモス電機株式会社,電気機器,電機・精密 ,
E00528,31060,倉敷紡績株式会社,繊維製品,素材・化学 ,7
E01298,34230,株式会社エスイー,金属製品,建設・資材 ,
E02431,69070,ジオマテック株式会社,電気機器,電機・精密 ,
E00194,19800,ダイダン株式会社,建設業,建設・資材 ,7
E21902,22690,明治ホールディングス株式会社,食料品,食品 ,4
E02734,,株式会社サハダイヤモンド,,,
E02791,74130,株式会社創健社,卸売業,商社・卸売 ,
E01933,69690,松尾電機株式会社,電気機器,電機・精密 ,
E00471,29010,石垣食品株式会社,食料品,食品 ,
E01686,98950,株式会社コンセック,卸売業,商社・卸売 ,
E02444,78740,レック株式会社,化学,素材・化学 ,7
E01471,60180,阪神内燃機工業株式会社,輸送用機器,自動車・輸送機 ,
E02003,69110,新日本無線株式会社,電気機器,電機・精密 ,7
E01294,56950,パウダーテック株式会社,鉄鋼,鉄鋼・非鉄 ,
E04160,90830,神姫バス株式会社,陸運業,運輸・物流 ,
E03786,,エース証券株式会社,,,
E00461,28750,東洋水産株式会社,食料品,食品 ,4
E01782,67630,帝国通信工業株式会社,電気機器,電機・精密 ,7
E00480,29070,株式会社あじかん,食料品,食品 ,
E01539,63350,株式会社東京機械製作所,機械,機械 ,7
E23250,87140,株式会社池田泉州ホールディングス,銀行業,銀行 ,6
E00318,17220,ミサワホーム株式会社,建設業,建設・資材 ,6
E03579,,株式会社池田泉州銀行,,,
E00910,46240,イサム塗料株式会社,化学,素材・化学 ,
E00948,45590,ゼリア新薬工業株式会社,医薬品,医薬品 ,6
E02049,63370,株式会社テセック,機械,機械 ,
E04788,85930,三菱ＵＦＪリース株式会社,その他金融業,金融（除く銀行） ,4
E02258,73050,新家工業株式会社,鉄鋼,鉄鋼・非鉄 ,7
E00120,18520,株式会社淺沼組,建設業,建設・資材 ,7
E04991,46780,株式会社秀英予備校,サービス業,情報通信・サービスその他 ,7
E00726,78620,トッパン・フォームズ株式会社,その他製品,情報通信・サービスその他 ,6
E00734,78630,株式会社平賀,その他製品,情報通信・サービスその他 ,
E02699,82260,株式会社　理経,卸売業,商社・卸売 ,
E04342,93620,兵機海運株式会社,倉庫・運輸関連業,運輸・物流 ,
E00714,39510,朝日印刷株式会社,パルプ・紙,素材・化学 ,
E00400,25400,養命酒製造株式会社,食料品,食品 ,7
E00369,22010,森永製菓株式会社,食料品,食品 ,4
E00061,18830,前田道路株式会社,建設業,建設・資材 ,4
E05478,24350,株式会社シダー,サービス業,情報通信・サービスその他 ,
E02428,79020,株式会社ソノコム,その他製品,情報通信・サービスその他 ,
E00585,30110,株式会社バナーズ,小売業,小売 ,
E00065,18150,鉄建建設株式会社,建設業,建設・資材 ,6
E02435,78850,タカノ株式会社,その他製品,情報通信・サービスその他 ,7
E01254,55410,大平洋金属株式会社,鉄鋼,鉄鋼・非鉄 ,6
E00777,40640,日本カーバイド工業株式会社,化学,素材・化学 ,7
E02216,72910,日本プラスト株式会社,輸送用機器,自動車・輸送機 ,
E00098,19260,ライト工業株式会社,建設業,建設・資材 ,6
E01529,63910,株式会社加地テック,機械,機械 ,
E01308,57070,東邦亜鉛株式会社,非鉄金属,鉄鋼・非鉄 ,6
E02668,81470,株式会社トミタ,卸売業,商社・卸売 ,
E00902,41160,大日精化工業株式会社,化学,素材・化学 ,7
E02474,49740,タカラバイオ株式会社,化学,素材・化学 ,6
E01504,61430,株式会社ソディック,機械,機械 ,6
E00502,20580,株式会社ヒガシマル,,,
E00146,19590,株式会社九電工,建設業,建設・資材 ,4
E02066,67500,エレコム株式会社,電気機器,電機・精密 ,6
E00903,46340,東洋インキＳＣホールディングス株式会社,化学,素材・化学 ,6
E01166,52370,株式会社ノザワ,ガラス・土石製品,建設・資材 ,
E01209,,株式会社麻生,,,
E02527,80700,東京産業株式会社,卸売業,商社・卸売 ,7
E03666,85400,株式会社 福岡中央銀行,,,
E00079,18920,徳倉建設株式会社,,,
E04267,91330,株式会社　東栄リーファーライン,海運業,運輸・物流 ,
E04215,90510,センコン物流株式会社,陸運業,運輸・物流 ,
E03792,87000,丸八証券株式会社,証券、商品先物取引業,金融（除く銀行） ,
E01055,49720,綜研化学株式会社,化学,素材・化学 ,
E01277,64390,中日本鋳工株式会社,,,
E01151,53930,ニチアス株式会社,ガラス・土石製品,建設・資材 ,6
E01408,59050,日本製罐株式会社,金属製品,建設・資材 ,
E04975,46590,株式会社エイジス,サービス業,情報通信・サービスその他 ,
E02814,,日本酒類販売株式会社,,,
E00202,19840,三信建設工業株式会社,建設業,建設・資材 ,
E00113,19680,太平電業株式会社,建設業,建設・資材 ,6
E01177,53420,ジャニス工業株式会社,,,
E01693,64850,前澤給装工業株式会社,機械,機械 ,7
E00891,46110,大日本塗料株式会社,化学,素材・化学 ,7
E01727,64330,ヒーハイスト精工株式会社,機械,機械 ,
E00764,40270,テイカ株式会社,化学,素材・化学 ,7
E02089,66740,株式会社 ジーエス・ユアサ コーポレーション,電気機器,電機・精密 ,4
E01986,69320,株式会社遠藤照明,電気機器,電機・精密 ,7
E30877,36920,株式会社ＦＦＲＩ,情報・通信業,情報通信・サービスその他 ,
E00083,18330,株式会社奥村組,建設業,建設・資材 ,4
E01624,64950,株式会社宮入バルブ製作所,機械,機械 ,
E03180,79370,株式会社ツツミ,その他製品,情報通信・サービスその他 ,7
E00796,40980,チタン工業株式会社,化学,素材・化学 ,7
E02000,64160,桂川電機株式会社,機械,機械 ,
E00465,28060,ユタカフーズ株式会社,食料品,食品 ,
E03330,76340,株式会社星医療酸器,卸売業,商社・卸売 ,
E00183,19790,株式会社大気社,建設業,建設・資材 ,6
E03296,75640,株式会社ワークマン,小売業,小売 ,
E00832,46200,藤倉化成株式会社,化学,素材・化学 ,7
E00127,19310,日本電通株式会社,建設業,建設・資材 ,
E00570,80910,ニチモウ株式会社,卸売業,商社・卸売 ,7
E00144,,松尾建設株式会社,,,
E01989,69280,株式会社　エノモト,電気機器,電機・精密 ,
E02879,75700,橋本総業ホールディングス株式会社,卸売業,商社・卸売 ,7
E03129,82810,ゼビオホールディングス株式会社,小売業,小売 ,6
E01694,62920,株式会社カワタ,機械,機械 ,
E00692,79110,凸版印刷株式会社,その他製品,情報通信・サービスその他 ,4
E01334,58030,株式会社フジクラ,非鉄金属,鉄鋼・非鉄 ,4
E00530,31090,シキボウ株式会社,繊維製品,素材・化学 ,7
E01475,60220,株式会社赤阪鐵工所,機械,機械 ,
E00352,20080,株式会社増田製粉所,食料品,食品 ,
E01507,61470,株式会社ヤマザキ,機械,機械 ,
E00880,44030,日油株式会社,化学,素材・化学 ,4
E03108,82070,テンアライド株式会社,小売業,小売 ,7
E02171,60420,株式会社ニッキ,輸送用機器,自動車・輸送機 ,
E04596,96430,中日本興業株式会社,,,
E30728,20600,フィード・ワン株式会社,食料品,食品 ,6
E03670,85540,株式会社南日本銀行,,,
E01204,53860,株式会社鶴弥,ガラス・土石製品,建設・資材 ,
E04398,,四国放送株式会社,,,
E02158,72350,東京ラヂエーター製造株式会社,輸送用機器,自動車・輸送機 ,
E01120,79320,株式会社ニッピ,その他製品,情報通信・サービスその他 ,
E04254,91710,栗林商船株式会社,海運業,運輸・物流 ,
E01186,52120,不二硝子株式会社,ガラス・土石製品,建設・資材 ,
E02571,80390,築地魚市場株式会社,卸売業,商社・卸売 ,
E04327,90740,日本石油輸送株式会社,陸運業,運輸・物流 ,7
E04704,46500,ＳＤエンターテイメント株式会社,サービス業,情報通信・サービスその他 ,
E03994,88930,株式会社新日本建物,不動産業,不動産 ,
E03599,83950,株式会社佐賀銀行,銀行業,銀行 ,7
E03105,82050,シャクリー・グローバル・グループ株式会社,卸売業,商社・卸売 ,
E03663,85410,株式会社　愛媛銀行,銀行業,銀行 ,7
E04354,90870,タカセ株式会社,陸運業,運輸・物流 ,
E01610,63580,酒井重工業株式会社,機械,機械 ,7
E00036,15150,日鉄鉱業株式会社,鉱業,エネルギー資源 ,7
E03139,98310,株式会社ヤマダ電機,小売業,小売 ,4
E03784,87060,極東証券株式会社,証券、商品先物取引業,金融（除く銀行） ,6
E04655,,南国産業開発株式会社,,,
E04752,,小野観光開発株式会社,,,
E01815,68040,ホシデン株式会社,電気機器,電機・精密 ,6
E00916,46280,エスケー化研株式会社,化学,素材・化学 ,
E01157,52620,日本ヒューム株式会社,ガラス・土石製品,建設・資材 ,7
E02442,59560,トーソー株式会社,金属製品,建設・資材 ,
E00953,45380,扶桑薬品工業株式会社,医薬品,医薬品 ,7
E01930,61440,西部電機株式会社,機械,機械 ,
E02552,80120,長瀬産業株式会社,卸売業,商社・卸売 ,4
E01398,99300,北沢産業株式会社,卸売業,商社・卸売 ,7
E03622,84180,株式会社山口フィナンシャルグループ,銀行業,銀行 ,4
E01394,19210,株式会社巴コーポレーション,建設業,建設・資材 ,7
E02584,80890,すてきナイスグループ株式会社,卸売業,商社・卸売 ,7
E03793,86170,光世証券株式会社,証券、商品先物取引業,金融（除く銀行） ,7
E01438,59880,株式会社パイオラックス,金属製品,建設・資材 ,6
E01385,59290,三和ホールディングス株式会社,金属製品,建設・資材 ,4
E33005,65450,株式会社インターネットインフィニティー,サービス業,情報通信・サービスその他 ,
E00167,18070,株式会社佐藤渡辺,建設業,建設・資材 ,
E05432,37530,株式会社フライトホールディングス,情報・通信業,情報通信・サービスその他 ,
E02580,80810,株式会社カナデン,卸売業,商社・卸売 ,7
E02169,,トーハツ株式会社,,,
E02368,,ＹＫＫ株式会社,,,
E26084,92060,株式会社スターフライヤー,空運業,運輸・物流 ,
E30103,71670,株式会社めぶきフィナンシャルグループ,銀行業,銀行 ,4
E03676,,株式会社　佐賀共栄銀行,,,
E03863,97060,日本空港ビルデング株式会社,不動産業,不動産 ,4
E03745,21340,燦キャピタルマネージメント株式会社,サービス業,情報通信・サービスその他 ,
E01103,42240,ロンシール工業株式会社,化学,素材・化学 ,
E01874,66750,サクサホールディングス株式会社,電気機器,電機・精密 ,7
E30119,60850,アーキテクツ・スタジオ・ジャパン株式会社,サービス業,情報通信・サービスその他 ,
E04198,90760,セイノーホールディングス株式会社,陸運業,運輸・物流 ,4
E33110,65480,株式会社旅工房,サービス業,情報通信・サービスその他 ,
E32153,61900,株式会社フェニックスバイオ,サービス業,情報通信・サービスその他 ,
E04374,,西日本高速道路株式会社,,,
E02407,79500,日本デコラックス株式会社,,,
E03456,33700,株式会社フジタコーポレーション,小売業,小売 ,
E05399,33220,アルファグループ株式会社,卸売業,商社・卸売 ,
E03472,30200,アプライド株式会社,小売業,小売 ,
E03117,82150,株式会社銀座山形屋,小売業,小売 ,
E01045,49660,上村工業株式会社,化学,素材・化学 ,
E03728,87400,株式会社フジトミ,証券、商品先物取引業,金融（除く銀行） ,
E04362,,中部国際空港株式会社,,,
E01096,51420,アキレス株式会社,化学,素材・化学 ,7
E04141,,会津鉄道株式会社,,,
E00858,79420,株式会社ジェイエスピー,化学,素材・化学 ,6
E01409,59580,三洋工業株式会社,金属製品,建設・資材 ,7
E00675,39450,スーパーバッグ株式会社,パルプ・紙,素材・化学 ,
E00487,29110,旭松食品株式会社,食料品,食品 ,
E02779,99860,蔵王産業株式会社,卸売業,商社・卸売 ,7
E01516,62050,ＯＫＫ株式会社,機械,機械 ,7
E01058,49940,大成ラミック株式会社,化学,素材・化学 ,7
E02645,81180,株式会社キング,繊維製品,素材・化学 ,7
E00355,21080,日本甜菜製糖株式会社,食料品,食品 ,7
E03648,,株式会社静岡中央銀行,,,
E01289,63190,株式会社シンニッタン,鉄鋼,鉄鋼・非鉄 ,7
E24558,14170,株式会社ミライト・ホールディングス,建設業,建設・資材 ,6
E02639,81150,ムーンバット株式会社,卸売業,商社・卸売 ,
E02006,64200,福島工業株式会社,機械,機械 ,6
E02567,80880,岩谷産業株式会社,卸売業,商社・卸売 ,4
E01145,53580,イソライト工業株式会社,ガラス・土石製品,建設・資材 ,7
E03116,82140,株式会社ＡＯＫＩホールディングス,小売業,小売 ,6
E04387,,九州朝日放送株式会社,,,
E03052,81730,上新電機株式会社,小売業,小売 ,7
E01099,,株式会社東洋クオリティワン,,,
E21969,49520,株式会社エス・ディー・エス　バイオテック,化学,素材・化学 ,
E01444,59090,株式会社コロナ,金属製品,建設・資材 ,7
E01315,54640,モリ工業株式会社,鉄鋼,鉄鋼・非鉄 ,7
E01428,79390,株式会社研創,その他製品,情報通信・サービスその他 ,
E04473,94240,日本通信株式会社,情報・通信業,情報通信・サービスその他 ,6
E30130,60880,株式会社シグマクシス,サービス業,情報通信・サービスその他 ,
E02154,72460,プレス工業株式会社,輸送用機器,自動車・輸送機 ,6
E27294,25880,株式会社プレミアムウォーターホールディングス,食料品,食品 ,
E04382,94070,株式会社ＲＫＢ毎日ホールディングス,,,
E04197,90730,京極運輸商事株式会社,陸運業,運輸・物流 ,
E04506,95080,九州電力株式会社,電気・ガス業,電力・ガス ,4
E03147,98530,株式会社銀座ルノアール,小売業,小売 ,
E02786,99960,株式会社サトー商会,卸売業,商社・卸売 ,
E04194,90590,カンダホールディングス株式会社,陸運業,運輸・物流 ,
E01149,53630,東京窯業株式会社,ガラス・土石製品,建設・資材 ,7
E00390,33460,２１ＬＡＤＹ株式会社,,,
E02572,80520,椿本興業株式会社,卸売業,商社・卸売 ,7
E04499,95030,関西電力株式会社,電気・ガス業,電力・ガス ,2
E01222,52880,アジアパイルホールディングス株式会社,ガラス・土石製品,建設・資材 ,7
E02286,68500,株式会社チノー,電気機器,電機・精密 ,7
E00148,18700,矢作建設工業株式会社,建設業,建設・資材 ,7
E04222,90350,第一交通産業株式会社,,,
E02269,77260,黒田精工株式会社,機械,機械 ,
E01747,66430,株式会社戸上電機製作所,電気機器,電機・精密 ,
E01367,59910,日本発条株式会社,金属製品,建設・資材 ,4
E01100,51220,オカモト株式会社,ゴム製品,自動車・輸送機 ,6
E03971,88710,株式会社ゴールドクレスト,不動産業,不動産 ,6
E05326,17240,シンクレイヤ株式会社,建設業,建設・資材 ,
E32215,95180,東京電力パワーグリッド株式会社,,,
E04390,,長崎放送株式会社,,,
E01833,,株式会社サンコーシヤ,,,
E00488,28760,株式会社ジェーシー・コムサ,食料品,食品 ,
E02565,,三国商事株式会社,,,
E00649,38770,中越パルプ工業株式会社,パルプ・紙,素材・化学 ,7
E04100,,江ノ島電鉄株式会社,,,
E01460,,佐藤鉄工株式会社,,,
E01710,64820,株式会社ユーシン精機,機械,機械 ,7
E01065,49750,株式会社ＪＣＵ,化学,素材・化学 ,6
E03763,87080,藍澤證券株式会社,証券、商品先物取引業,金融（除く銀行） ,7
E00965,,千寿製薬株式会社,,,
E02611,80560,日本ユニシス株式会社,情報・通信業,情報通信・サービスその他 ,6
E03451,33580,ワイエスフード株式会社,小売業,小売 ,
E01134,,株式会社ホクコン,,,
E02018,68960,北川工業株式会社,,,
E01688,59530,昭和鉄工株式会社,,,
E03421,27900,株式会社ナフコ,小売業,小売 ,
E00250,17990,第一建設工業株式会社,建設業,建設・資材 ,
E00242,18280,田辺工業株式会社,建設業,建設・資材 ,
E05573,38030,イメージ情報開発株式会社,情報・通信業,情報通信・サービスその他 ,
E04136,90120,秩父鉄道株式会社,陸運業,運輸・物流 ,
E02927,26760,高千穂交易株式会社,卸売業,商社・卸売 ,7
E01439,59830,イワブチ株式会社,金属製品,建設・資材 ,
E01599,64630,ＴＰＲ株式会社,機械,機械 ,6
E00116,97640,技研興業株式会社,建設業,建設・資材 ,
E24536,31660,ＯＣＨＩホールディングス株式会社,卸売業,商社・卸売 ,7
E00907,46210,ロックペイント株式会社,化学,素材・化学 ,
E03401,27540,株式会社東葛ホールディングス,小売業,小売 ,
E01126,52100,日本山村硝子株式会社,ガラス・土石製品,建設・資材 ,7
E03556,83310,株式会社千葉銀行,銀行業,銀行 ,4
E27050,36660,株式会社テクノスジャパン,情報・通信業,情報通信・サービスその他 ,7
E30692,42470,ポバール興業株式会社,,,
E01462,34350,サンコーテクノ株式会社,金属製品,建設・資材 ,
E03647,,株式会社　福邦銀行,,,
E27032,45840,株式会社ジーンテクノサイエンス,医薬品,医薬品 ,
E02142,72010,日産自動車株式会社,輸送用機器,自動車・輸送機 ,1
E02759,99290,平和紙業株式会社,卸売業,商社・卸売 ,
E04334,90750,福山通運株式会社,陸運業,運輸・物流 ,6
E02536,,日本出版販売株式会社,,,
E33238,65500,Fringe81株式会社,サービス業,情報通信・サービスその他 ,
E05647,43440,ソースネクスト株式会社,情報・通信業,情報通信・サービスその他 ,7
E02073,64300,ダイコク電機株式会社,機械,機械 ,7
E04504,95040,中国電力株式会社,電気・ガス業,電力・ガス ,4
E01903,68490,日本光電工業株式会社,電気機器,電機・精密 ,4
E01337,58070,東京特殊電線株式会社,非鉄金属,鉄鋼・非鉄 ,7
E05598,24870,株式会社ＣＤＧ,サービス業,情報通信・サービスその他 ,7
E03861,88060,ダイビル株式会社,不動産業,不動産 ,6
E02163,72610,マツダ株式会社,輸送用機器,自動車・輸送機 ,2
E00701,,株式会社岩手日報社,,,
E30909,,大阪印刷インキ製造株式会社,,,
E04500,95090,北海道電力株式会社,電気・ガス業,電力・ガス ,4
E04142,,のと鉄道株式会社,,,
E01206,52820,ジオスター株式会社,ガラス・土石製品,建設・資材 ,
E32146,35370,昭栄薬品株式会社,卸売業,商社・卸売 ,
E01066,42410,株式会社 アテクト,化学,素材・化学 ,
E01131,53550,日本坩堝株式会社,ガラス・土石製品,建設・資材 ,
E00511,29240,イフジ産業株式会社,食料品,食品 ,7
E01434,64840,株式会社ケーブイケー（商号　株式会社　ＫＶＫ）,機械,機械 ,
E03552,83380,株式会社筑波銀行,銀行業,銀行 ,7
E04181,,瀬戸内運輸株式会社,,,
E01373,59230,高田機工株式会社,金属製品,建設・資材 ,7
E05107,47710,株式会社エフアンドエム,サービス業,情報通信・サービスその他 ,
E02669,81480,上原成商事株式会社,卸売業,商社・卸売 ,
E01212,52850,株式会社ヤマックス,ガラス・土石製品,建設・資材 ,
E00996,35510,ダイニック株式会社,繊維製品,素材・化学 ,7
E05737,21730,株式会社博展,サービス業,情報通信・サービスその他 ,
E02255,63550,住友精密工業株式会社,機械,機械 ,7
E04510,95130,電源開発株式会社,電気・ガス業,電力・ガス ,4
E03076,81350,ゼット株式会社,卸売業,商社・卸売 ,
E02856,75250,リックス株式会社,卸売業,商社・卸売 ,7
E04395,,北日本放送株式会社,,,
E03592,83980,株式会社筑邦銀行,,,
E05400,37410,株式会社セック,情報・通信業,情報通信・サービスその他 ,7
E03367,26810,株式会社ゲオホールディングス,小売業,小売 ,6
E02560,80510,株式会社山善,卸売業,商社・卸売 ,6
E32795,65380,株式会社キャリアインデックス,サービス業,情報通信・サービスその他 ,
E00919,45020,武田薬品工業株式会社,医薬品,医薬品 ,1
E05031,,トヨタファイナンス株式会社,,,
E00376,22070,名糖産業株式会社,食料品,食品 ,7
E00842,41000,戸田工業株式会社,化学,素材・化学 ,7
E02675,81530,株式会社モスフードサービス,卸売業,商社・卸売 ,6
E04505,95070,四国電力株式会社,電気・ガス業,電力・ガス ,4
E01859,68220,大井電気株式会社,電気機器,電機・精密 ,
E04157,,株式会社　ヤマコー,,,
E02747,99060,藤井産業株式会社,卸売業,商社・卸売 ,
E02353,77480,株式会社ホロン,精密機器,電機・精密 ,
E04034,89380,ＬＣホールディングス株式会社,不動産業,不動産 ,
E00477,29050,オーケー食品工業株式会社,食料品,食品 ,
E01147,53570,株式会社ヨータイ,ガラス・土石製品,建設・資材 ,7
E00789,40310,片倉コープアグリ株式会社,化学,素材・化学 ,7
E27012,,新関西国際空港株式会社,,,
E04411,0,株式会社テレビ西日本,,,
E04351,,関西国際空港土地保有株式会社,,,
E05422,33410,日本調剤株式会社,小売業,小売 ,7
E02051,68320,アオイ電子株式会社,電気機器,電機・精密 ,
E03913,,株式会社大阪木材会館,,,
E05205,42900,株式会社プレステージ・インターナショナル,サービス業,情報通信・サービスその他 ,6
E01382,59750,東プレ株式会社,金属製品,建設・資材 ,6
E03860,,株式会社サンケイビル,,,
E03782,,アーク証券株式会社,,,
E03697,85890,株式会社アプラスフィナンシャル,その他金融業,金融（除く銀行） ,7
E04099,,長野電鉄株式会社,,,
E04498,95010,東京電力ホールディングス株式会社,電気・ガス業,電力・ガス ,4
E04539,97080,株式会社帝国ホテル,サービス業,情報通信・サービスその他 ,
E00804,44620,石原ケミカル株式会社,化学,素材・化学 ,
E04385,,株式会社アイビーシー岩手放送,,,
E15690,,アルピコホールディングス株式会社,,,
E00541,31130,Ｏａｋキャピタル株式会社,証券、商品先物取引業,金融（除く銀行） ,
E02281,77620,シチズン時計株式会社,精密機器,電機・精密 ,4
E04823,97600,株式会社進学会,サービス業,情報通信・サービスその他 ,7
E02412,79470,株式会社エフピコ,化学,素材・化学 ,6
E02333,67880,株式会社日本トリム,電気機器,電機・精密 ,7
E04118,,豊橋鉄道株式会社,,,
E02627,81050,堀田丸正株式会社,卸売業,商社・卸売 ,
E03724,85080,Ｊトラスト株式会社,その他金融業,金融（除く銀行） ,
E05377,17170,明豊ファシリティワークス株式会社,建設業,建設・資材 ,
E32159,39340,株式会社ベネフィットジャパン,情報・通信業,情報通信・サービスその他 ,
E21815,93850,株式会社ショーエイコーポレーション,化学,素材・化学 ,
E03918,,株式会社群馬建設会館,,,
E01864,68380,株式会社多摩川ホールディングス,電気機器,電機・精密 ,
E05134,47930,株式会社富士通ビー・エス・シー,情報・通信業,情報通信・サービスその他 ,
E03729,84210,信金中央金庫,-,-,
E03181,99040,株式会社ベリテ,小売業,小売 ,
E00101,18410,サンユー建設株式会社,建設業,建設・資材 ,
E01469,60130,株式会社タクマ,機械,機械 ,6
E01531,62220,株式会社島精機製作所,機械,機械 ,6
E01981,61450,日特エンジニアリング株式会社,機械,機械 ,
E01262,54490,大阪製鐵株式会社,鉄鋼,鉄鋼・非鉄 ,7
E30065,60820,株式会社ライドオン・エクスプレス,サービス業,情報通信・サービスその他 ,7
E04890,96390,三協フロンテア株式会社,サービス業,情報通信・サービスその他 ,
E30656,32210,株式会社ヨシックス,小売業,小売 ,7
E04285,93030,株式会社住友倉庫,倉庫・運輸関連業,運輸・物流 ,4
E02514,82930,株式会社ＡＴグループ,,,
E32647,39630,株式会社シンクロ・フード,情報・通信業,情報通信・サービスその他 ,7
E04462,46760,株式会社フジ・メディア・ホールディングス,情報・通信業,情報通信・サービスその他 ,4
E02387,72840,盟和産業株式会社,輸送用機器,自動車・輸送機 ,7
E02299,77320,株式会社トプコン,精密機器,電機・精密 ,4
E05405,37420,ＩＴｂｏｏｋ株式会社,情報・通信業,情報通信・サービスその他 ,
E02708,98450,株式会社パーカーコーポレーション,化学,素材・化学 ,
E24050,50200,ＪＸＴＧホールディングス株式会社,石油・石炭製品,エネルギー資源 ,2
E00014,13320,日本水産株式会社,水産・農林業,食品 ,4
E00792,40880,エア・ウォーター株式会社,化学,素材・化学 ,4
E27579,71690,株式会社ニュートン・フィナンシャル・コンサルティング,保険業,金融（除く銀行） ,
E31104,31990,綿半ホールディングス株式会社,小売業,小売 ,7
E04501,95060,東北電力株式会社,電気・ガス業,電力・ガス ,4
E02227,72710,株式会社安永,輸送用機器,自動車・輸送機 ,7
E03193,99360,株式会社王将フードサービス,小売業,小売 ,6
E04168,,日ノ丸自動車株式会社,,,
E00475,28120,焼津水産化学工業株式会社,食料品,食品 ,7
E00759,40210,日産化学工業株式会社,化学,素材・化学 ,4
E03557,83370,株式会社千葉興業銀行,銀行業,銀行 ,6
E01744,65080,株式会社明電舎,電気機器,電機・精密 ,6
E05691,21520,幼児活動研究会株式会社,サービス業,情報通信・サービスその他 ,
E03641,85440,株式会社　京葉銀行,銀行業,銀行 ,6
E00841,40990,四国化成工業株式会社,化学,素材・化学 ,7
E02109,66580,シライ電子工業株式会社,電気機器,電機・精密 ,
E02127,70120,川崎重工業株式会社,輸送用機器,自動車・輸送機 ,4
E02090,66700,株式会社ＭＣＪ,電気機器,電機・精密 ,
E32198,94660,株式会社アイドママーケティングコミュニケーション,情報・通信業,情報通信・サービスその他 ,7
E02107,42390,株式会社ポラテクノ,化学,素材・化学 ,
E03679,71500,株式会社島根銀行,銀行業,銀行 ,7
E02785,99950,株式会社ルネサスイーストン,卸売業,商社・卸売 ,7
E05650,38300,株式会社ギガプライズ,,,
E23820,86000,トモニホールディングス株式会社,銀行業,銀行 ,6
E00973,45520,ＪＣＲファーマ株式会社,医薬品,医薬品 ,6
E02172,72470,株式会社ミクニ,輸送用機器,自動車・輸送機 ,7
E26124,60550,ジャパンマテリアル株式会社,サービス業,情報通信・サービスその他 ,6
E01095,51940,相模ゴム工業株式会社,ゴム製品,自動車・輸送機 ,
E05679,38390,株式会社ＯＤＫソリューションズ,情報・通信業,情報通信・サービスその他 ,
E01333,58020,住友電気工業株式会社,非鉄金属,鉄鋼・非鉄 ,2
E01052,42340,株式会社サンエー化研,化学,素材・化学 ,
E05725,30920,株式会社スタートトゥデイ,小売業,小売 ,4
E01827,67150,株式会社ナカヨ,電気機器,電機・精密 ,7
E04908,96160,株式会社共立メンテナンス,サービス業,情報通信・サービスその他 ,6
E05682,38450,株式会社アイフリーク モバイル,情報・通信業,情報通信・サービスその他 ,
E05091,47620,株式会社エックスネット,情報・通信業,情報通信・サービスその他 ,7
E01776,67560,株式会社日立国際電気,電気機器,電機・精密 ,6
E01602,64730,株式会社ジェイテクト,機械,機械 ,4
E05312,23350,株式会社キューブシステム,情報・通信業,情報通信・サービスその他 ,7
E04503,95050,北陸電力株式会社,電気・ガス業,電力・ガス ,4
E02288,77350,株式会社SCREENホールディングス,電気機器,電機・精密 ,4
E03601,83500,株式会社　みちのく銀行,銀行業,銀行 ,7
E04355,,株式会社農協観光,,,
E00218,18780,大東建託株式会社,建設業,建設・資材 ,2
E01884,65880,東芝テック株式会社,電気機器,電機・精密 ,6
E03851,87950,株式会社Ｔ＆Ｄホールディングス,保険業,金融（除く銀行） ,2
E05701,21560,セーラー広告株式会社,サービス業,情報通信・サービスその他 ,
E00041,16620,石油資源開発株式会社,鉱業,エネルギー資源 ,6
E02222,59890,株式会社エイチワン,金属製品,建設・資材 ,7
E04179,90690,センコーグループホールディングス株式会社,陸運業,運輸・物流 ,6
E30479,66160,トレックス・セミコンダクター株式会社,電気機器,電機・精密 ,
E03821,87090,インヴァスト証券株式会社,証券、商品先物取引業,金融（除く銀行） ,
E02272,77330,オリンパス株式会社,精密機器,電機・精密 ,4
E01698,64180,日本金銭機械株式会社,機械,機械 ,7
E01950,68570,株式会社アドバンテスト,電気機器,電機・精密 ,4
E26332,36610,株式会社エムアップ,情報・通信業,情報通信・サービスその他 ,7
E32169,66150,ユー・エム・シー・エレクトロニクス株式会社,電気機器,電機・精密 ,7
E01261,54230,東京製鐵株式会社,鉄鋼,鉄鋼・非鉄 ,6
E02411,68630,株式会社ニレコ,電気機器,電機・精密 ,
E03487,30580,株式会社三洋堂ホールディングス,小売業,小売 ,
E05434,,株式会社ゴンゾ,,,
E02334,77170,株式会社ブイ・テクノロジー,精密機器,電機・精密 ,6
E01496,61350,株式会社牧野フライス製作所,機械,機械 ,6
E32448,,野村貿易株式会社,,,
E01905,69510,日本電子株式会社,電気機器,電機・精密 ,6
E01400,59760,高周波熱錬株式会社,金属製品,建設・資材 ,7
E02587,80720,日本出版貿易株式会社,卸売業,商社・卸売 ,
E05028,47180,株式会社早稲田アカデミー,サービス業,情報通信・サービスその他 ,7
E01080,50130,ユシロ化学工業株式会社,石油・石炭製品,エネルギー資源 ,7
E01269,56030,虹技株式会社,鉄鋼,鉄鋼・非鉄 ,7
E00225,19650,株式会社テクノ菱和,建設業,建設・資材 ,
E00442,28920,日本食品化工株式会社,食料品,食品 ,
E01957,69670,新光電気工業株式会社,電気機器,電機・精密 ,6
E31574,31370,株式会社ファンデリー,小売業,小売 ,
E02414,77430,株式会社シード,精密機器,電機・精密 ,7
E04430,94320,日本電信電話株式会社,情報・通信業,情報通信・サービスその他 ,1
E01538,63340,明治機械株式会社,機械,機械 ,
E04609,96640,株式会社御園座,,,
E00235,18680,三井ホーム株式会社,建設業,建設・資材 ,7
E24073,87150,アニコム ホールディングス株式会社,保険業,金融（除く銀行） ,6
E00679,79870,ナカバヤシ株式会社,その他製品,情報通信・サービスその他 ,7
E31131,39050,データセクション株式会社,情報・通信業,情報通信・サービスその他 ,
E02673,81520,ソマール株式会社,卸売業,商社・卸売 ,
E00213,19890,北陸電話工事株式会社,建設業,建設・資材 ,
E02207,,キーパー株式会社,,,
E00719,78830,サンメッセ株式会社,その他製品,情報通信・サービスその他 ,
E01515,62030,豊和工業株式会社,機械,機械 ,7
E01242,54800,日本冶金工業株式会社,鉄鋼,鉄鋼・非鉄 ,6
E00015,13330,マルハニチロ株式会社,水産・農林業,食品 ,4
E04324,90650,山九株式会社,陸運業,運輸・物流 ,4
E02870,75510,株式会社ウェッズ,輸送用機器,自動車・輸送機 ,
E03289,45580,株式会社中京医薬品,医薬品,医薬品 ,
E00346,20020,株式会社日清製粉グループ本社,食料品,食品 ,4
E00877,34070,旭化成株式会社,化学,素材・化学 ,2
E00021,57110,三菱マテリアル株式会社,非鉄金属,鉄鋼・非鉄 ,4
E01510,61550,高松機械工業株式会社,機械,機械 ,
E00075,19440,株式会社きんでん,建設業,建設・資材 ,4
E01619,69730,協栄産業株式会社,卸売業,商社・卸売 ,7
E04356,93670,大東港運株式会社,倉庫・運輸関連業,運輸・物流 ,
E26914,38960,阿波製紙株式会社,パルプ・紙,素材・化学 ,7
E01355,59110,株式会社横河ブリッジホールディングス,金属製品,建設・資材 ,6
E05352,23720,株式会社アイロムグループ,サービス業,情報通信・サービスその他 ,7
E04291,93050,株式会社ヤマタネ,卸売業,商社・卸売 ,7
E01802,67450,ホーチキ株式会社,電気機器,電機・精密 ,7
E24457,36400,株式会社電算,情報・通信業,情報通信・サービスその他 ,7
E04221,90360,東部ネットワーク株式会社,陸運業,運輸・物流 ,
E01847,68640,株式会社エヌエフ回路設計ブロック,電気機器,電機・精密 ,
E00348,20040,昭和産業株式会社,食料品,食品 ,7
E04524,,日本瓦斯株式会社,,,
E02522,80750,神鋼商事株式会社,卸売業,商社・卸売 ,7
E02769,99600,東テク株式会社,卸売業,商社・卸売 ,
E01813,67760,天昇電気工業株式会社,化学,素材・化学 ,
E00854,41860,東京応化工業株式会社,化学,素材・化学 ,4
E01635,63960,株式会社宇野澤組鐵工所,機械,機械 ,
E04952,97390,日本システムウエア株式会社,情報・通信業,情報通信・サービスその他 ,7
E00534,31230,サイボー株式会社,繊維製品,素材・化学 ,
E23202,22700,雪印メグミルク株式会社,食料品,食品 ,4
E02357,77740,株式会社ジャパン・ティッシュ・エンジニアリング,精密機器,電機・精密 ,
E03051,81740,日本瓦斯株式会社,小売業,小売 ,6
E01534,63600,株式会社東京自働機械製作所,機械,機械 ,
E05361,23780,株式会社ルネサンス,サービス業,情報通信・サービスその他 ,7
E02344,77450,株式会社エー・アンド・デイ,精密機器,電機・精密 ,7
E01437,59840,兼房株式会社,金属製品,建設・資材 ,
E01896,69550,ＦＤＫ株式会社,電気機器,電機・精密 ,
E00542,31100,日東紡績株式会社,ガラス・土石製品,建設・資材 ,6
E04180,90770,名鉄運輸株式会社,,,
E04239,91100,ＮＳユナイテッド海運株式会社,海運業,運輸・物流 ,7
E02254,74080,株式会社ジャムコ,輸送用機器,自動車・輸送機 ,6
E03683,,株式会社沖縄海邦銀行,,,
E03121,81600,株式会社　木曽路,小売業,小売 ,7
E00836,42720,日本化薬株式会社,化学,素材・化学 ,4
E00993,49140,高砂香料工業株式会社,化学,素材・化学 ,7
E01886,69240,岩崎電気株式会社,電気機器,電機・精密 ,7
E02345,66780,株式会社テクノメディカ,電気機器,電機・精密 ,7
E03555,83360,株式会社武蔵野銀行,銀行業,銀行 ,4
E01700,62990,株式会社神鋼環境ソリューション,機械,機械 ,
E02802,74330,伯東株式会社,卸売業,商社・卸売 ,7
E01863,68390,船井電機株式会社,電気機器,電機・精密 ,7
E01673,62730,ＳＭＣ株式会社,機械,機械 ,2
E04290,93240,安田倉庫株式会社,倉庫・運輸関連業,運輸・物流 ,7
E02123,70030,三井造船株式会社,輸送用機器,自動車・輸送機 ,4
E00794,61370,小池酸素工業株式会社,機械,機械 ,
E01651,63470,株式会社プラコー,機械,機械 ,
E27910,77780,株式会社アドメテック,精密機器,電機・精密 ,
E02176,72400,ＮＯＫ株式会社,輸送用機器,自動車・輸送機 ,4
E00308,17300,麻生フオームクリート株式会社,建設業,建設・資材 ,
E00767,40420,東ソー株式会社,化学,素材・化学 ,4
E04098,90140,新京成電鉄株式会社,陸運業,運輸・物流 ,7
E03546,83430,株式会社秋田銀行,銀行業,銀行 ,7
E00457,28970,日清食品ホールディングス株式会社,食料品,食品 ,4
E02173,63560,日本ギア工業株式会社,機械,機械 ,
E03138,98320,株式会社オートバックスセブン,卸売業,商社・卸売 ,4
E01459,78410,株式会社遠藤製作所,その他製品,情報通信・サービスその他 ,
E00117,18470,株式会社　イチケン,建設業,建設・資材 ,7
E02732,98960,ＪＫホールディングス株式会社,卸売業,商社・卸売 ,7
E01425,59390,株式会社大谷工業,金属製品,建設・資材 ,
E00791,41020,丸尾カルシウム株式会社,化学,素材・化学 ,
E25648,21170,日新製糖株式会社,食料品,食品 ,7
E01979,69410,山一電機株式会社,電気機器,電機・精密 ,6
E00343,22930,滝沢ハム株式会社,食料品,食品 ,
E02270,77270,株式会社オーバル,精密機器,電機・精密 ,7
E01239,54710,大同特殊鋼株式会社,鉄鋼,鉄鋼・非鉄 ,4
E01461,34310,宮地エンジニアリンググループ株式会社,金属製品,建設・資材 ,7
E32026,62360,ＮＣホールディングス株式会社,機械,機械 ,7
E00466,28040,ブルドックソース株式会社,食料品,食品 ,
E21261,21810,テンプホールディングス株式会社,サービス業,情報通信・サービスその他 ,4
E03669,85600,株式会社宮崎太陽銀行,,,
E02663,81400,株式会社リョーサン,卸売業,商社・卸売 ,4
E33247,65490,ディーエムソリューションズ株式会社,サービス業,情報通信・サービスその他 ,
E00525,31010,東洋紡株式会社,繊維製品,素材・化学 ,4
E05062,43070,株式会社野村総合研究所,情報・通信業,情報通信・サービスその他 ,4
E01601,64720,NTN株式会社,機械,機械 ,4
E04182,90670,株式会社丸運,陸運業,運輸・物流 ,7
E07846,,森ビル株式会社,,,
E04912,85700,イオンフィナンシャルサービス株式会社,その他金融業,金融（除く銀行） ,4
E00493,29150,ケンコーマヨネーズ株式会社,食料品,食品 ,6
E01669,64580,新晃工業株式会社,機械,機械 ,6
E03908,,大栄不動産株式会社,,,
E01358,59120,ＯＳＪＢホールディングス株式会社,建設業,建設・資材 ,7
E01135,53430,ニッコー株式会社,,,
E01488,61380,ダイジェット工業株式会社,機械,機械 ,7
E02155,72360,株式会社ティラド,輸送用機器,自動車・輸送機 ,7
E04128,,富山地方鉄道株式会社,,,
E01235,54100,合同製鐵株式会社,鉄鋼,鉄鋼・非鉄 ,6
E04287,93060,東陽倉庫株式会社,倉庫・運輸関連業,運輸・物流 ,7
E27633,32890,東急不動産ホールディングス株式会社,不動産業,不動産 ,4
E00820,42040,積水化学工業株式会社,化学,素材・化学 ,4
E02658,81380,三京化成株式会社,卸売業,商社・卸売 ,
E00462,28100,ハウス食品グループ本社株式会社,食料品,食品 ,4
E01774,67540,アンリツ株式会社,電気機器,電機・精密 ,6
E01368,59520,アマテイ株式会社,金属製品,建設・資材 ,
E01132,,深川製磁株式会社,,,
E00191,19360,シーキューブ株式会社,,,
E01197,53870,チヨダウーテ株式会社,ガラス・土石製品,建設・資材 ,
E04243,91190,飯野海運株式会社,海運業,運輸・物流 ,6
E01580,63730,大同工業株式会社,機械,機械 ,7
E05493,24450,エスアールジータカミヤ株式会社,サービス業,情報通信・サービスその他 ,7
E01606,,旭精工株式会社,,,
E01417,59470,リンナイ株式会社,金属製品,建設・資材 ,4
E00112,18350,東鉄工業株式会社,建設業,建設・資材 ,6
E01550,61110,旭精機工業株式会社,,,
E02488,62570,株式会社藤商事,機械,機械 ,
E00043,16050,国際石油開発帝石株式会社,鉱業,エネルギー資源 ,2
E04523,95360,西部瓦斯株式会社,電気・ガス業,電力・ガス ,7
E21514,21790,株式会社成学社,サービス業,情報通信・サービスその他 ,
E01243,54810,山陽特殊製鋼株式会社,鉄鋼,鉄鋼・非鉄 ,6
E03602,83990,株式会社　琉球銀行,銀行業,銀行 ,6
E01750,66220,株式会社ダイヘン,電気機器,電機・精密 ,6
E05192,48490,エン・ジャパン株式会社,サービス業,情報通信・サービスその他 ,
E01684,62860,靜甲株式会社,機械,機械 ,
E01992,69190,ケル株式会社,電気機器,電機・精密 ,
E04389,,南海放送株式会社,,,
E01543,63620,株式会社石井鐵工所,機械,機械 ,7
E01000,42180,ニチバン株式会社,化学,素材・化学 ,7
E04185,90700,トナミホールディングス株式会社,陸運業,運輸・物流 ,7
E00780,40780,堺化学工業株式会社,化学,素材・化学 ,7
E02541,80380,東都水産株式会社,卸売業,商社・卸売 ,7
E00185,19380,日本リーテック株式会社,建設業,建設・資材 ,
E05528,94230,株式会社フォーバル・リアルストレート,情報・通信業,情報通信・サービスその他 ,
E02406,79550,クリナップ株式会社,その他製品,情報通信・サービスその他 ,7
E01118,79380,株式会社リーガルコーポレーション,その他製品,情報通信・サービスその他 ,
E04791,,三井住友ファイナンス＆リース株式会社,,,
E03107,80870,フルサト工業株式会社,卸売業,商社・卸売 ,7
E03695,85180,日本アジア投資株式会社,証券、商品先物取引業,金融（除く銀行） ,7
E00073,19410,株式会社中電工,建設業,建設・資材 ,6
E02893,75970,東京貴宝株式会社,卸売業,商社・卸売 ,
E05231,43190,ＴＡＣ株式会社,サービス業,情報通信・サービスその他 ,7
E02780,99870,株式会社スズケン,卸売業,商社・卸売 ,4
E02889,75930,ＶＴホールディングス株式会社,小売業,小売 ,6
E02947,27330,株式会社あらた,卸売業,商社・卸売 ,7
E01663,63640,北越工業株式会社,機械,機械 ,7
E31624,34170,大木ヘルスケアホールディングス株式会社,卸売業,商社・卸売 ,
E02547,30230,ラサ商事株式会社,卸売業,商社・卸売 ,7
E01305,57530,日本伸銅株式会社,非鉄金属,鉄鋼・非鉄 ,
E00962,45470,キッセイ薬品工業株式会社,医薬品,医薬品 ,4
E04335,93580,株式会社宇徳,倉庫・運輸関連業,運輸・物流 ,7
E03678,85420,株式会社トマト銀行,銀行業,銀行 ,7
E03771,,三菱ＵＦＪ証券ホールディングス株式会社,,,
E00960,45170,ビオフェルミン製薬株式会社,医薬品,医薬品 ,7
E04962,46490,大成株式会社,,,
E01786,67680,株式会社タムラ製作所,電気機器,電機・精密 ,6
E02246,72150,株式会社ファルテック,輸送用機器,自動車・輸送機 ,7
E04650,,株式会社小倉カンツリー倶楽部,,,
E00652,79190,野崎印刷紙業株式会社,その他製品,情報通信・サービスその他 ,
E04551,,株式会社熊本ホテルキャッスル,,,
E02226,72730,株式会社イクヨ,輸送用機器,自動車・輸送機 ,
E02150,72220,日産車体株式会社,輸送用機器,自動車・輸送機 ,4
E02656,81370,サンワテクノス株式会社,卸売業,商社・卸売 ,7
E00173,19600,株式会社サンテック,建設業,建設・資材 ,
E31035,25860,株式会社フルッタフルッタ,食料品,食品 ,
E00551,32090,カネヨウ株式会社,卸売業,商社・卸売 ,
E04478,48380,株式会社スペースシャワーネットワーク,情報・通信業,情報通信・サービスその他 ,
E01290,72490,尾張精機株式会社,,,
E03618,83770,株式会社ほくほくフィナンシャルグループ,銀行業,銀行 ,4
E26443,60600,こころネット株式会社,サービス業,情報通信・サービスその他 ,
E02203,72780,株式会社エクセディ,輸送用機器,自動車・輸送機 ,6
E05669,38410,株式会社ジーダット,情報・通信業,情報通信・サービスその他 ,
E01138,53320,ＴＯＴＯ株式会社,ガラス・土石製品,建設・資材 ,4
E02285,77340,理研計器株式会社,精密機器,電機・精密 ,7
E04323,93110,アサガミ株式会社,倉庫・運輸関連業,運輸・物流 ,
E00568,35280,株式会社プロスペクト,不動産業,不動産 ,
E05617,21210,株式会社ミクシィ,サービス業,情報通信・サービスその他 ,
E02642,81170,中央自動車工業株式会社,卸売業,商社・卸売 ,
E00839,42220,児玉化学工業株式会社,化学,素材・化学 ,
E00386,22210,岩塚製菓株式会社,食料品,食品 ,
E03858,88030,平和不動産株式会社,不動産業,不動産 ,6
E04151,12340,首都圏新都市鉄道株式会社,,,
E02413,79450,コマニー株式会社,その他製品,情報通信・サービスその他 ,
E25686,66250,JALCOホールディングス株式会社,不動産業,不動産 ,
E23582,,株式会社日本政策金融公庫,,,
E02512,80610,西華産業株式会社,卸売業,商社・卸売 ,7
E04317,93220,川西倉庫株式会社,倉庫・運輸関連業,運輸・物流 ,7
E04321,93510,東洋埠頭株式会社,倉庫・運輸関連業,運輸・物流 ,7
E00306,17340,株式会社北弘電社,,,
E02114,66380,株式会社ミマキエンジニアリング,電気機器,電機・精密 ,7
E02119,62560,株式会社ニューフレアテクノロジー,機械,機械 ,
E01630,45430,テルモ株式会社,精密機器,電機・精密 ,4
E01613,63950,株式会社タダノ,機械,機械 ,4
E04661,,美々津観光開発株式会社,,,
E04386,,北陸放送株式会社,,,
E02057,67860,株式会社ＲＶＨ,サービス業,情報通信・サービスその他 ,
E01448,59790,カネソウ株式会社,,,
E02813,74410,株式会社Ｍｉｓｕｍｉ,,,
E04630,,株式会社飯能ゴルフ倶楽部,,,
E00732,78550,カーディナル株式会社,その他製品,情報通信・サービスその他 ,
E04821,85960,株式会社九州リースサービス,その他金融業,金融（除く銀行） ,
E00137,19340,株式会社ユアテック,建設業,建設・資材 ,6
E01200,52790,日本興業株式会社,ガラス・土石製品,建設・資材 ,
E32069,22960,伊藤ハム米久ホールディングス株式会社,食料品,食品 ,6
E04130,,北陸鉄道株式会社,,,
E04195,90630,岡山県貨物運送株式会社,陸運業,運輸・物流 ,
E04125,90520,山陽電気鉄道株式会社,陸運業,運輸・物流 ,7
E04302,,鈴江コーポレーション株式会社,,,
E00484,28140,佐藤食品工業株式会社,食料品,食品 ,
E01499,61400,旭ダイヤモンド工業株式会社,機械,機械 ,6
E01109,51990,不二ラテックス株式会社,ゴム製品,自動車・輸送機 ,
E01620,63430,フリージア・マクロス株式会社,機械,機械 ,
E00631,78220,永大産業株式会社,その他製品,情報通信・サービスその他 ,7
E01940,68460,株式会社中央製作所,,,
E05736,36220,ネットイヤーグループ株式会社,情報・通信業,情報通信・サービスその他 ,
E01708,63150,ＴＯＷＡ株式会社,機械,機械 ,6
E00709,94710,株式会社文溪堂,,,
E02267,77230,愛知時計電機株式会社,精密機器,電機・精密 ,7
E03582,83830,株式会社鳥取銀行,銀行業,銀行 ,7
E00187,97670,日建工学株式会社,サービス業,情報通信・サービスその他 ,
E03721,85150,アイフル株式会社,その他金融業,金融（除く銀行） ,4
E03964,,株式会社宮城県建設会館,,,
E02046,78590,株式会社アルメディオ,その他製品,情報通信・サービスその他 ,
E05739,36260,ＴＩＳ株式会社,情報・通信業,情報通信・サービスその他 ,4
E00682,39530,大村紙業株式会社,パルプ・紙,素材・化学 ,
E00603,81110,株式会社ゴールドウイン,繊維製品,素材・化学 ,6
E02613,,千代田工販株式会社,,,
E02773,35980,山喜株式会社,繊維製品,素材・化学 ,
E05319,23440,平安レイサービス株式会社,サービス業,情報通信・サービスその他 ,
E04517,95330,東邦瓦斯株式会社,電気・ガス業,電力・ガス ,4
E00410,,オリオンビール株式会社,,,
E01331,57420,エヌアイシ・オートテック株式会社,非鉄金属,鉄鋼・非鉄 ,
E04124,,一畑電気鉄道株式会社,,,
E25115,,株式会社　新南愛知,,,
E02625,,東京貿易ホールディングス株式会社,,,
E05677,38420,株式会社ネクストジェン,情報・通信業,情報通信・サービスその他 ,
E00253,,株式会社藤木工務店,,,
E02864,75370,丸文株式会社,卸売業,商社・卸売 ,7
E02501,80070,高島株式会社,卸売業,商社・卸売 ,7
E05201,42880,株式会社アズジェント,情報・通信業,情報通信・サービスその他 ,
E04521,95350,広島ガス株式会社,電気・ガス業,電力・ガス ,7
E01566,,旭産業株式会社,,,
E04895,96280,燦ホールディングス株式会社,サービス業,情報通信・サービスその他 ,7
E02289,77290,株式会社東京精密,精密機器,電機・精密 ,6
E00156,18960,大林道路株式会社,,,
E02740,98200,エムティジェネックス株式会社,不動産業,不動産 ,
E03664,84160,株式会社高知銀行,銀行業,銀行 ,7
E24545,94130,株式会社テレビ東京ホールディングス,情報・通信業,情報通信・サービスその他 ,6
E01918,,日電工業株式会社,,,
E02839,74820,株式会社シモジマ,卸売業,商社・卸売 ,7
E05579,24830,株式会社翻訳センター,サービス業,情報通信・サービスその他 ,
E03596,83920,株式会社大分銀行,銀行業,銀行 ,6
E05354,23740,セントケア・ホールディング株式会社,サービス業,情報通信・サービスその他 ,7
E00099,18460,鈴縫工業株式会社,建設業,建設・資材 ,
E04397,,青森放送株式会社,,,
E04511,95340,北海道瓦斯株式会社,電気・ガス業,電力・ガス ,7
E04208,90580,トランコム株式会社,倉庫・運輸関連業,運輸・物流 ,7
E05228,43160,株式会社ビーマップ,情報・通信業,情報通信・サービスその他 ,
E01351,58200,株式会社三ッ星,非鉄金属,鉄鋼・非鉄 ,
E04155,90170,新潟交通株式会社,陸運業,運輸・物流 ,
E05020,47120,アドアーズ株式会社,サービス業,情報通信・サービスその他 ,
E33016,35590,株式会社ピーバンドットコム,卸売業,商社・卸売 ,
E00316,17200,東急建設株式会社,建設業,建設・資材 ,6
E00974,45530,東和薬品株式会社,医薬品,医薬品 ,6
E05556,33950,株式会社サンマルクホールディングス,小売業,小売 ,6
E03531,83040,株式会社あおぞら銀行,銀行業,銀行 ,4
E02363,79520,株式会社河合楽器製作所,その他製品,情報通信・サービスその他 ,7
E04930,97920,株式会社ニチイ学館,サービス業,情報通信・サービスその他 ,6
E27051,31790,シュッピン株式会社,小売業,小売 ,7
E31979,34650,ケイアイスター不動産株式会社,不動産業,不動産 ,7
E05236,43230,日本システム技術株式会社,情報・通信業,情報通信・サービスその他 ,7
E01811,67720,東京コスモス電機株式会社,電気機器,電機・精密 ,
E05381,23930,株式会社日本ケアサプライ,サービス業,情報通信・サービスその他 ,
E05210,42980,株式会社プロトコーポレーション,情報・通信業,情報通信・サービスその他 ,
E02424,64190,株式会社マースエンジニアリング,機械,機械 ,7
E03977,88770,日本エスリード株式会社,不動産業,不動産 ,7
E03164,98870,株式会社松屋フーズ,小売業,小売 ,7
E04367,,成田国際空港株式会社,,,
E00614,36040,川本産業株式会社,繊維製品,素材・化学 ,
E01628,62460,株式会社テクノスマート,機械,機械 ,
E04980,46670,アイサンテクノロジー株式会社,情報・通信業,情報通信・サービスその他 ,
E02792,74170,株式会社南陽,,,
E02410,64130,理想科学工業株式会社,機械,機械 ,6
E27298,,株式会社桑名カントリー倶楽部,,,
E01733,62580,平田機工株式会社,機械,機械 ,6
E04629,,株式会社桑名カントリー倶楽部六石コース,,,
E02640,98100,日鉄住金物産株式会社,卸売業,商社・卸売 ,6
E33009,65460,フルテック株式会社,サービス業,情報通信・サービスその他 ,
E27530,62480,株式会社横田製作所,機械,機械 ,
E03562,83600,株式会社　山梨中央銀行,銀行業,銀行 ,7
E00121,18260,佐田建設株式会社,建設業,建設・資材 ,7
E01024,42310,タイガースポリマー株式会社,化学,素材・化学 ,7
E04122,,伊予鉄道株式会社,,,
E00149,19690,高砂熱学工業株式会社,建設業,建設・資材 ,6
E05148,37560,株式会社豆蔵ホールディングス,情報・通信業,情報通信・サービスその他 ,7
E03554,83340,株式会社群馬銀行,銀行業,銀行 ,4
E00081,18880,若築建設株式会社,建設業,建設・資材 ,6
E03761,,むさし証券株式会社,,,
E02035,68810,株式会社キョウデン,電気機器,電機・精密 ,
E01161,18710,株式会社ピーエス三菱,建設業,建設・資材 ,7
E00840,41830,三井化学株式会社,化学,素材・化学 ,4
E02578,80590,第一実業株式会社,卸売業,商社・卸売 ,7
E03294,75610,株式会社ハークスレイ,小売業,小売 ,7
E02804,74380,コンドーテック株式会社,卸売業,商社・卸売 ,7
E00028,57140,ＤＯＷＡホールディングス株式会社,非鉄金属,鉄鋼・非鉄 ,4
E04887,96440,株式会社タナベ経営,サービス業,情報通信・サービスその他 ,7
E02252,72240,新明和工業株式会社,輸送用機器,自動車・輸送機 ,6
E02959,27730,株式会社ミューチュアル,機械,機械 ,
E01746,66410,日新電機株式会社,電気機器,電機・精密 ,6
E00812,41150,本州化学工業株式会社,化学,素材・化学 ,
E23741,31310,シンデン・ハイテックス株式会社,卸売業,商社・卸売 ,
E05547,94220,コネクシオ株式会社,情報・通信業,情報通信・サービスその他 ,7
E04742,,ゴールドウイン開発株式会社,,,
E00547,32020,ダイトウボウ株式会社,繊維製品,素材・化学 ,7
E02183,72540,株式会社ユニバンス,輸送用機器,自動車・輸送機 ,
E01221,77460,岡本硝子株式会社,精密機器,電機・精密 ,
E23288,31570,ジューテックホールディングス株式会社,卸売業,商社・卸売 ,7
E01939,68060,ヒロセ電機株式会社,電気機器,電機・精密 ,4
E04236,91040,株式会社　商船三井,海運業,運輸・物流 ,4
E02946,27370,株式会社トーメンデバイス,卸売業,商社・卸売 ,7
E22509,77750,大研医器株式会社,精密機器,電機・精密 ,7
E00982,,株式会社ＬＴＴバイオファーマ,,,
E32408,39370,株式会社ＡＷＳホールディングス,情報・通信業,情報通信・サービスその他 ,
E11661,62380,フリュー株式会社,機械,機械 ,7
E01182,69710,京セラ株式会社,電気機器,電機・精密 ,2
E00720,78750,竹田印刷株式会社,,,
E03128,82820,株式会社ケーズホールディングス,小売業,小売 ,4
E00387,22220,寿スピリッツ株式会社,食料品,食品 ,6
E04775,85850,株式会社オリエントコーポレーション,その他金融業,金融（除く銀行） ,6
E00952,45260,理研ビタミン株式会社,食料品,食品 ,7
E24453,36410,株式会社パピレス,情報・通信業,情報通信・サービスその他 ,
E26712,54130,日新製鋼株式会社,鉄鋼,鉄鋼・非鉄 ,4
E00344,13800,株式会社秋川牧園,水産・農林業,食品 ,
E01506,61460,株式会社ディスコ,機械,機械 ,4
E01740,65040,富士電機株式会社,電気機器,電機・精密 ,4
E26686,71610,株式会社じもとホールディングス,銀行業,銀行 ,7
E31167,31320,マクニカ・富士エレ ホールディングス株式会社,卸売業,商社・卸売 ,6
E05674,38400,パス株式会社,情報・通信業,情報通信・サービスその他 ,
E05239,43260,株式会社インテージホールディングス,情報・通信業,情報通信・サービスその他 ,7
E01878,68410,横河電機株式会社,電気機器,電機・精密 ,4
E26061,49770,新田ゼラチン株式会社,化学,素材・化学 ,7
E01075,81320,シナネンホールディングス株式会社,卸売業,商社・卸売 ,7
E02009,69080,イリソ電子工業株式会社,電気機器,電機・精密 ,6
E01240,54760,日本高周波鋼業株式会社,鉄鋼,鉄鋼・非鉄 ,7
E25206,36460,株式会社駅探,情報・通信業,情報通信・サービスその他 ,
E03997,88970,株式会社タカラレーベン,不動産業,不動産 ,6
E31064,95510,メタウォーター株式会社,電気・ガス業,電力・ガス ,6
E27655,36760,株式会社ハーツユナイテッドグループ,情報・通信業,情報通信・サービスその他 ,7
E04269,91790,川崎近海汽船株式会社,海運業,運輸・物流 ,
E32158,34670,アグレ都市デザイン株式会社,不動産業,不動産 ,
E03932,,株式会社鹿児島県プロパンガス会館,,,
E05309,23310,綜合警備保障株式会社,サービス業,情報通信・サービスその他 ,4
E03762,86220,水戸証券株式会社,証券、商品先物取引業,金融（除く銀行） ,7
E05322,23490,株式会社エヌアイデイ,情報・通信業,情報通信・サービスその他 ,
E05471,37680,リスクモンスター株式会社,情報・通信業,情報通信・サービスその他 ,
E00885,44610,第一工業製薬株式会社,化学,素材・化学 ,6
E04973,46580,日本空調サービス株式会社,サービス業,情報通信・サービスその他 ,7
E03946,88510,アーバンライフ株式会社,不動産業,不動産 ,
E03640,85580,株式会社東和銀行,銀行業,銀行 ,6
E01745,65810,日立工機株式会社,,,
E31970,34640,プロパティエージェント株式会社,不動産業,不動産 ,
E05262,43410,西菱電機株式会社,サービス業,情報通信・サービスその他 ,
E32793,34770,フォーライフ株式会社,不動産業,不動産 ,
E00481,29080,フジッコ株式会社,食料品,食品 ,6
E01225,54010,新日鐵住金株式会社,鉄鋼,鉄鋼・非鉄 ,2
E05393,23980,株式会社ツクイ,サービス業,情報通信・サービスその他 ,6
E00436,28020,味の素株式会社,食料品,食品 ,2
E05523,33900,ＩＮＥＳＴ株式会社,卸売業,商社・卸売 ,
E01464,34370,特殊電極株式会社,金属製品,建設・資材 ,
E00023,57130,住友金属鉱山株式会社,非鉄金属,鉄鋼・非鉄 ,2
E02962,27840,アルフレッサ ホールディングス株式会社,卸売業,商社・卸売 ,4
E00179,18670,株式会社植木組,建設業,建設・資材 ,7
E25386,66260,SEMITEC株式会社,電気機器,電機・精密 ,
E26454,60590,株式会社ウチヤマホールディングス,サービス業,情報通信・サービスその他 ,7
E04190,,東海自動車株式会社,,,
E25811,,株式会社関西ゴルフ倶楽部,,,
E01249,54530,東洋鋼鈑株式会社,鉄鋼,鉄鋼・非鉄 ,7
E03634,85510,株式会社北日本銀行,銀行業,銀行 ,7
E02761,99340,因幡電機産業株式会社,卸売業,商社・卸売 ,6
E05173,48320,ＪＦＥシステムズ株式会社,情報・通信業,情報通信・サービスその他 ,
E03157,98730,日本ＫＦＣホールディングス株式会社,小売業,小売 ,
E01183,79790,株式会社松風,精密機器,電機・精密 ,7
E00201,18690,名工建設株式会社,,,
E01032,79270,ムトー精工株式会社,化学,素材・化学 ,
E05167,48280,東洋ビジネスエンジニアリング株式会社,情報・通信業,情報通信・サービスその他 ,7
E02388,79700,信越ポリマー株式会社,化学,素材・化学 ,6
E27210,31830,ウイン・パートナーズ株式会社,卸売業,商社・卸売 ,7
E03632,85240,株式会社北洋銀行,銀行業,銀行 ,4
E04822,97590,株式会社ＮＳＤ,情報・通信業,情報通信・サービスその他 ,6
E03127,82790,株式会社ヤオコー,小売業,小売 ,6
E00012,13010,株式会社極洋,水産・農林業,食品 ,7
E00873,34020,東レ株式会社,繊維製品,素材・化学 ,2
E01947,68100,日立マクセル株式会社,電気機器,電機・精密 ,6
E05238,88980,株式会社センチュリー21・ジャパン,不動産業,不動産 ,
E00861,79250,前澤化成工業株式会社,化学,素材・化学 ,7
E33011,35610,株式会社力の源ホールディングス,小売業,小売 ,
E04607,96740,花月園観光株式会社,サービス業,情報通信・サービスその他 ,
E05106,47700,図研エルミック株式会社,情報・通信業,情報通信・サービスその他 ,
E01427,59510,ダイニチ工業株式会社,金属製品,建設・資材 ,7
E01537,63320,月島機械株式会社,機械,機械 ,7
E00086,18930,五洋建設株式会社,建設業,建設・資材 ,4
E01865,68260,本多通信工業株式会社,電気機器,電機・精密 ,7
E26707,57030,日本軽金属ホールディングス株式会社,非鉄金属,鉄鋼・非鉄 ,4
E00114,19490,住友電設株式会社,建設業,建設・資材 ,7
E02056,67870,株式会社メイコー,電気機器,電機・精密 ,
E04526,,宮崎瓦斯株式会社,,,
E03225,99900,株式会社サックスバー ホールディングス,小売業,小売 ,6
E01585,63050,日立建機株式会社,機械,機械 ,4
E02251,74040,昭和飛行機工業株式会社,輸送用機器,自動車・輸送機 ,
E05487,37710,株式会社システムリサーチ,情報・通信業,情報通信・サービスその他 ,7
E01401,57810,東邦金属株式会社,非鉄金属,鉄鋼・非鉄 ,
E02874,75590,ジーエフシー株式会社,卸売業,商社・卸売 ,
E01481,61030,オークマ株式会社,機械,機械 ,4
E00356,21090,三井製糖株式会社,食料品,食品 ,6
E01821,68820,株式会社三社電機製作所,電気機器,電機・精密 ,
E02146,72050,日野自動車株式会社,輸送用機器,自動車・輸送機 ,4
E02043,68550,日本電子材料株式会社,電気機器,電機・精密 ,7
E00761,40230,株式会社クレハ,化学,素材・化学 ,6
E00233,19040,大成温調株式会社,建設業,建設・資材 ,
E00784,40920,日本化学工業株式会社,化学,素材・化学 ,7
E02558,74510,三菱食品株式会社,卸売業,商社・卸売 ,6
E01414,64860,イーグル工業株式会社,機械,機械 ,6
E02563,81030,明和産業株式会社,卸売業,商社・卸売 ,7
E03496,30680,株式会社ＷＤＩ,小売業,小売 ,
E01266,54400,共英製鋼株式会社,鉄鋼,鉄鋼・非鉄 ,6
E03416,27800,株式会社コメ兵,小売業,小売 ,
E01879,68450,アズビル株式会社,電気機器,電機・精密 ,4
E01798,68480,東亜ディーケーケー株式会社,電気機器,電機・精密 ,7
E05143,48000,オリコン株式会社,情報・通信業,情報通信・サービスその他 ,
E00107,19610,三機工業株式会社,建設業,建設・資材 ,7
E00093,18140,大末建設株式会社,建設業,建設・資材 ,7
E32425,,エルアンドイーホールディングス株式会社,,,
E00644,38640,三菱製紙株式会社,パルプ・紙,素材・化学 ,7
E03208,99590,アシードホールディングス株式会社,小売業,小売 ,
E02632,74590,株式会社メディパルホールディングス,卸売業,商社・卸売 ,4
E03227,99940,株式会社やまや,小売業,小売 ,7
E04119,,広島観光開発株式会社,,,
E03590,83870,株式会社四国銀行,銀行業,銀行 ,7
E01660,64980,株式会社キッツ,機械,機械 ,6
E00446,28710,株式会社ニチレイ,食料品,食品 ,4
E05283,23170,株式会社システナ,情報・通信業,情報通信・サービスその他 ,6
E00857,79580,天馬株式会社,化学,素材・化学 ,7
E04773,97350,セコム株式会社,サービス業,情報通信・サービスその他 ,2
E05659,38350,ｅＢＡＳＥ株式会社,情報・通信業,情報通信・サービスその他 ,
E02055,67970,名古屋電機工業株式会社,,,
E01413,59300,文化シヤッター株式会社,金属製品,建設・資材 ,6
E04049,89950,株式会社誠建設工業,不動産業,不動産 ,
E01229,54080,株式会社中山製鋼所,鉄鋼,鉄鋼・非鉄 ,7
E04496,38340,株式会社朝日ネット,情報・通信業,情報通信・サービスその他 ,7
E00304,17360,株式会社オーテック,建設業,建設・資材 ,
E00809,41120,保土谷化学工業株式会社,化学,素材・化学 ,6
E01378,59810,東京製綱株式会社,金属製品,建設・資材 ,7
E00178,19160,日成ビルド工業株式会社,建設業,建設・資材 ,6
E02244,,株式会社山田製作所,,,
E00435,28010,キッコーマン株式会社,食料品,食品 ,4
E05665,87710,イー・ギャランティ株式会社,その他金融業,金融（除く銀行） ,7
E30071,60900,ヒューマン・メタボローム・テクノロジーズ株式会社,サービス業,情報通信・サービスその他 ,
E00074,19420,株式会社関電工,建設業,建設・資材 ,6
E01612,63930,油研工業株式会社,機械,機械 ,7
E02812,31530,八洲電機株式会社,卸売業,商社・卸売 ,7
E01353,59010,東洋製罐グループホールディングス株式会社,金属製品,建設・資材 ,4
E01987,68190,伊豆シャボテンリゾート株式会社,サービス業,情報通信・サービスその他 ,
E32825,39690,株式会社エイトレッド,情報・通信業,情報通信・サービスその他 ,
E03522,30980,株式会社ココカラファイン,小売業,小売 ,6
E02992,33880,明治電機工業株式会社,卸売業,商社・卸売 ,7
E01244,54860,日立金属株式会社,鉄鋼,鉄鋼・非鉄 ,4
E04777,97630,丸紅建材リース株式会社,卸売業,商社・卸売 ,7
E00017,13520,株式会社ホウスイ,卸売業,商社・卸売 ,7
E03819,87040,トレイダーズホールディングス株式会社,証券、商品先物取引業,金融（除く銀行） ,
E00859,43640,マナック株式会社,化学,素材・化学 ,
E04720,,株式会社オークモントゴルフクラブ,,,
E01917,69370,古河電池株式会社,電気機器,電機・精密 ,7
E04735,,株式会社グレイスヒルズカントリー倶楽部,,,
E04745,,株式会社山形ゴルフ倶楽部,,,
E04018,89200,株式会社東祥,サービス業,情報通信・サービスその他 ,6
E04146,,関西高速鉄道株式会社,,,
E03040,82520,株式会社丸井グループ,小売業,小売 ,4
E01850,68200,アイコム株式会社,電気機器,電機・精密 ,7
E21951,,株式会社商工組合中央金庫,,,
E05540,37840,株式会社ヴィンクス,情報・通信業,情報通信・サービスその他 ,7
E04343,,日本自動車ターミナル株式会社,,,
E01369,59550,株式会社ヤマシナ,金属製品,建設・資材 ,
E05438,84240,芙蓉総合リース株式会社,その他金融業,金融（除く銀行） ,6
E01803,67440,能美防災株式会社,電気機器,電機・精密 ,7
E04127,,福井鉄道株式会社,,,
E05463,37620,テクマトリックス株式会社,情報・通信業,情報通信・サービスその他 ,7
E03625,,株式会社埼玉りそな銀行,,,
E27281,32840,株式会社フージャースホールディングス,不動産業,不動産 ,7
E00635,78870,南海プライウッド株式会社,その他製品,情報通信・サービスその他 ,
E05097,47650,モーニングスター株式会社,サービス業,情報通信・サービスその他 ,
E03854,87250,ＭＳ＆ＡＤインシュアランスグループホールディングス株式会社,保険業,金融（除く銀行） ,2
E04135,,関東鉄道株式会社,,,
E02660,81390,株式会社ナガホリ,卸売業,商社・卸売 ,
E04639,,株式会社仙台カントリークラブ,,,
E05048,47330,株式会社オービックビジネスコンサルタント,情報・通信業,情報通信・サービスその他 ,6
E02805,74420,中山福株式会社,卸売業,商社・卸売 ,7
E03833,,あいおいニッセイ同和損害保険株式会社,,,
E02714,98560,株式会社ケーユーホールディングス,小売業,小売 ,7
E01942,68520,株式会社テクノ・セブン,電気機器,電機・精密 ,
E05676,21620,ｎｍｓ ホールディングス株式会社,サービス業,情報通信・サービスその他 ,
E03824,,三井住友海上火災保険株式会社,,,
E04637,,日本観光ゴルフ株式会社,,,
E05462,87930,ＮＥＣキャピタルソリューション株式会社,その他金融業,金融（除く銀行） ,7
E05440,24250,株式会社ケアサービス,サービス業,情報通信・サービスその他 ,
E03847,87660,東京海上ホールディングス株式会社,保険業,金融（除く銀行） ,1
E03823,,東京海上日動火災保険株式会社,,,
E02646,81450,中部水産株式会社,,,
E04564,,株式会社ニュー・オータニ,,,
E04971,46560,株式会社サン・ライフ,サービス業,情報通信・サービスその他 ,
E01860,,イーター電機工業株式会社,,,
E01411,59860,モリテック　スチール株式会社,金属製品,建設・資材 ,7
E01754,66480,株式会社かわでん,電気機器,電機・精密 ,
E03249,74550,株式会社　三城ホールディングス,小売業,小売 ,7
E00598,,岐セン株式会社,,,
E05401,37390,コムシード株式会社,,,
E00498,28770,日東ベスト株式会社,食料品,食品 ,
E00443,22860,林兼産業株式会社,食料品,食品 ,7
E03772,86240,いちよし証券株式会社,証券、商品先物取引業,金融（除く銀行） ,6
E03711,,財形住宅金融株式会社,,,
E02597,,東京青果株式会社,,,
E04246,91270,玉井商船株式会社,海運業,運輸・物流 ,
E04370,,東日本高速道路株式会社,,,
E01595,64450,蛇の目ミシン工業株式会社,機械,機械 ,7
E01978,69420,株式会社ソフィアホールディングス,情報・通信業,情報通信・サービスその他 ,
E04950,97760,札幌臨床検査センター株式会社,サービス業,情報通信・サービスその他 ,
E00175,18660,北野建設株式会社,建設業,建設・資材 ,7
E03610,83080,株式会社りそなホールディングス,銀行業,銀行 ,2
E03538,,株式会社りそな銀行,,,
E01766,67020,富士通株式会社,電気機器,電機・精密 ,2
E00271,17770,川崎設備工業株式会社,,,
E31054,60350,株式会社アイ・アールジャパンホールディングス,サービス業,情報通信・サービスその他 ,
E01569,63660,千代田化工建設株式会社,建設業,建設・資材 ,4
E03740,87830,ＧＦＡ株式会社,その他金融業,金融（除く銀行） ,
E01057,44640,株式会社ソフト９９コーポレーション,化学,素材・化学 ,
E02824,74580,株式会社第一興商,卸売業,商社・卸売 ,4
E04738,,株式会社イーグルポイントゴルフクラブ,,,
E03500,30660,株式会社ＪＢイレブン,,,
E01608,64780,ダイベア株式会社,機械,機械 ,
E32969,,日本住宅ローン株式会社,,,
E03597,83930,株式会社宮崎銀行,銀行業,銀行 ,7
E04631,,株式会社水戸カンツリー倶楽部,,,
E05596,21440,株式会社やまねメディカル,サービス業,情報通信・サービスその他 ,
E04137,,島原鉄道株式会社,,,
E02964,27950,日本プリメックス株式会社,卸売業,商社・卸売 ,
E00184,19370,西部電気工業株式会社,建設業,建設・資材 ,7
E01594,64480,ブラザー工業株式会社,電気機器,電機・精密 ,4
E01787,67910,日本コロムビア株式会社,,,
E04940,97820,株式会社ディーエムエス,サービス業,情報通信・サービスその他 ,
E02596,,小泉産業株式会社,,,
E03430,33130,ブックオフコーポレーション株式会社,小売業,小売 ,7
E00966,,和光純薬工業株式会社,,,
E05431,37540,エキサイト株式会社,情報・通信業,情報通信・サービスその他 ,
E04047,32540,株式会社プレサンスコーポレーション,不動産業,不動産 ,6
E00097,18130,株式会社不動テトラ,建設業,建設・資材 ,6
E01551,63830,株式会社ダイフク,機械,機械 ,4
E05703,38520,サイバーコム株式会社,情報・通信業,情報通信・サービスその他 ,7
E31009,60270,弁護士ドットコム株式会社,サービス業,情報通信・サービスその他 ,
E03304,75780,株式会社ニチリョク,小売業,小売 ,
E02970,33560,株式会社テリロジー,卸売業,商社・卸売 ,
E01518,62080,株式会社石川製作所,機械,機械 ,7
E01584,63170,株式会社　北川鉄工所,機械,機械 ,7
E03850,,共栄火災海上保険株式会社,,,
E00787,40930,東邦アセチレン株式会社,化学,素材・化学 ,7
E03752,86040,野村ホールディングス株式会社,証券、商品先物取引業,金融（除く銀行） ,2
E02475,64600,セガサミーホールディングス株式会社,機械,機械 ,4
E00303,17370,三井金属エンジニアリング株式会社,建設業,建設・資材 ,
E03374,26940,株式会社ジー・テイスト,小売業,小売 ,
E01899,69940,株式会社指月電機製作所,電気機器,電機・精密 ,
E01648,64940,株式会社ＮＦＫホールディングス,機械,機械 ,
E05263,43420,セコム上信越株式会社,サービス業,情報通信・サービスその他 ,
E27059,60720,地盤ネットホールディングス株式会社,サービス業,情報通信・サービスその他 ,
E02076,69270,ヘリオス テクノ ホールディング株式会社,電気機器,電機・精密 ,7
E02838,74800,スズデン株式会社,卸売業,商社・卸売 ,7
E00985,45690,キョーリン製薬ホールディングス株式会社,医薬品,医薬品 ,4
E04373,,首都高速道路株式会社,,,
E00889,49620,互応化学工業株式会社,化学,素材・化学 ,
E01327,57260,株式会社大阪チタニウムテクノロジーズ,非鉄金属,鉄鋼・非鉄 ,6
E05575,24800,システム・ロケーション株式会社,サービス業,情報通信・サービスその他 ,
E01202,52800,ヨシコン株式会社,不動産業,不動産 ,
E00806,40820,第一稀元素化学工業株式会社,化学,素材・化学 ,
E05535,24680,株式会社フュートレック,サービス業,情報通信・サービスその他 ,
E01729,61570,日進工具株式会社,機械,機械 ,7
E31791,,輸出入・港湾関連情報処理センター株式会社,,,
E26815,71770,ＧＭＯクリックホールディングス株式会社,証券、商品先物取引業,金融（除く銀行） ,
E05599,24890,株式会社アドウェイズ,サービス業,情報通信・サービスその他 ,
E03324,76210,株式会社うかい,小売業,小売 ,
E05714,87290,ソニーフィナンシャルホールディングス株式会社,保険業,金融（除く銀行） ,4
E05562,24970,ユナイテッド株式会社,サービス業,情報通信・サービスその他 ,
E04779,85860,日立キャピタル株式会社,その他金融業,金融（除く銀行） ,4
E05460,24320,株式会社ディー・エヌ・エー,サービス業,情報通信・サービスその他 ,4
E31542,61660,株式会社中村超硬,機械,機械 ,
E03550,83460,株式会社東邦銀行,銀行業,銀行 ,6
E01443,34330,トーカロ株式会社,金属製品,建設・資材 ,6
E03810,,野村證券株式会社,,,
E03817,87030,カブドットコム証券株式会社,証券、商品先物取引業,金融（除く銀行） ,6
E06141,87500,第一生命ホールディングス株式会社,保険業,金融（除く銀行） ,2
E03688,85110,日本証券金融株式会社,その他金融業,金融（除く銀行） ,6
E00227,19520,新日本空調株式会社,建設業,建設・資材 ,7
E04170,,奈良交通株式会社,,,
E04320,90660,株式会社日新,倉庫・運輸関連業,運輸・物流 ,7
E01020,44100,ハリマ化成グループ株式会社,化学,素材・化学 ,7
E26933,60690,トレンダーズ株式会社,サービス業,情報通信・サービスその他 ,
E02237,72200,武蔵精密工業株式会社,輸送用機器,自動車・輸送機 ,6
E00810,41130,田岡化学工業株式会社,化学,素材・化学 ,
E04116,12340,株式会社 じょうてつ,,,
E05047,88760,株式会社リログループ,サービス業,情報通信・サービスその他 ,4
E30118,77790,ＣＹＢＥＲＤＹＮＥ株式会社,精密機器,電機・精密 ,
E05211,43080,株式会社Ｊストリーム,情報・通信業,情報通信・サービスその他 ,
E00733,94790,株式会社インプレスホールディングス,情報・通信業,情報通信・サービスその他 ,7
E05219,43010,株式会社アミューズ,サービス業,情報通信・サービスその他 ,6
E27585,49780,株式会社リプロセル,化学,素材・化学 ,
E03815,86980,マネックスグループ株式会社,証券、商品先物取引業,金融（除く銀行） ,6
E31065,95170,イーレックス株式会社,電気・ガス業,電力・ガス ,6
E01051,49700,東洋合成工業株式会社,化学,素材・化学 ,
E05728,45710,ナノキャリア株式会社,医薬品,医薬品 ,
E00486,28150,アリアケジャパン株式会社,食料品,食品 ,6
E04372,,阪神高速道路株式会社,,,
E02453,78600,エイベックス・グループ・ホールディングス株式会社,情報・通信業,情報通信・サービスその他 ,6
E04031,89340,サンフロンティア不動産株式会社,不動産業,不動産 ,7
E05179,88900,株式会社レーサム,不動産業,不動産 ,
E03532,,株式会社みずほ銀行,,,
E03628,,みずほ信託銀行株式会社,,,
E04273,92020,ＡＮＡホールディングス株式会社,空運業,運輸・物流 ,2
E03615,84110,株式会社みずほフィナンシャルグループ,銀行業,銀行 ,1
E05699,38530,インフォテリア株式会社,情報・通信業,情報通信・サービスその他 ,
E05218,43040,株式会社Ｅストアー,情報・通信業,情報通信・サービスその他 ,
E05687,38470,パシフィックシステム株式会社,情報・通信業,情報通信・サービスその他 ,
E05698,21460,ＵＴグループ株式会社,サービス業,情報通信・サービスその他 ,
E05578,38020,株式会社エコミック,,,
E30451,31900,株式会社ホットマン,小売業,小売 ,
E05017,47090,株式会社インフォメーション・ディベロプメント,情報・通信業,情報通信・サービスその他 ,7
E01043,49650,曽田香料株式会社,化学,素材・化学 ,
E04741,,有馬冨士開発株式会社,,,
E26713,66170,株式会社東光高岳,電気機器,電機・精密 ,7
E05303,23260,デジタルアーツ株式会社,情報・通信業,情報通信・サービスその他 ,6
E30445,60920,株式会社エンバイオ・ホールディングス,サービス業,情報通信・サービスその他 ,
E03133,82550,アクシアル　リテイリング株式会社,小売業,小売 ,7
E02998,30360,アルコニックス株式会社,卸売業,商社・卸売 ,7
E03563,83590,株式会社八十二銀行,銀行業,銀行 ,4
E00848,45310,有機合成薬品工業株式会社,化学,素材・化学 ,7
E02876,34200,株式会社ケー・エフ・シー,金属製品,建設・資材 ,
E00957,45390,日本ケミファ株式会社,医薬品,医薬品 ,7
E05304,23270,新日鉄住金ソリューションズ株式会社,情報・通信業,情報通信・サービスその他 ,6
E01253,54630,丸一鋼管株式会社,鉄鋼,鉄鋼・非鉄 ,4
E03637,85620,株式会社福島銀行,銀行業,銀行 ,7
E04001,89030,株式会社サンウッド,不動産業,不動産 ,
E03574,83680,株式会社　百五銀行,銀行業,銀行 ,6
E04555,,株式会社丸ノ内ホテル,,,
E01059,49230,コタ株式会社,化学,素材・化学 ,7
E01711,63220,株式会社タクミナ,機械,機械 ,
E02335,77220,国際計測器株式会社,精密機器,電機・精密 ,
E01050,40800,株式会社田中化学研究所,化学,素材・化学 ,
E00619,79050,大建工業株式会社,その他製品,情報通信・サービスその他 ,7
E21219,,株式会社フォレストホールディングス,,,
E02628,81070,株式会社キムラタン,繊維製品,素材・化学 ,7
E02021,68940,パルステック工業株式会社,電気機器,電機・精密 ,
E00928,45120,わかもと製薬株式会社,医薬品,医薬品 ,7
E00718,,株式会社朝日新聞社,,,
E02019,68950,ダイヤモンド電機株式会社,電気機器,電機・精密 ,
E00818,42020,株式会社ダイセル,化学,素材・化学 ,4
E05004,46950,株式会社マイスターエンジニアリング,サービス業,情報通信・サービスその他 ,
E02282,77680,ジェコー株式会社,精密機器,電機・精密 ,
E01014,43660,ダイトーケミックス株式会社,化学,素材・化学 ,
E01318,57020,株式会社大紀アルミニウム工業所,非鉄金属,鉄鋼・非鉄 ,7
E04427,48390,株式会社ＷＯＷＯＷ,情報・通信業,情報通信・サービスその他 ,6
E00520,30020,グンゼ株式会社,繊維製品,素材・化学 ,6
E05524,24640,株式会社ビジネス・ブレークスルー,サービス業,情報通信・サービスその他 ,7
E01719,63840,株式会社昭和真空,機械,機械 ,
E04384,,信越放送株式会社,,,
E04939,97830,株式会社ベネッセホールディングス,サービス業,情報通信・サービスその他 ,4
E01174,52770,株式会社スパンクリートコーポレーション,ガラス・土石製品,建設・資材 ,
E02894,76000,株式会社日本エム・ディ・エム,卸売業,商社・卸売 ,7
E05252,43330,株式会社東邦システムサイエンス,情報・通信業,情報通信・サービスその他 ,7
E01466,34420,株式会社ＭＩＥコーポレーション,,,
E02749,99080,日本電計株式会社,卸売業,商社・卸売 ,
E01814,67960,クラリオン株式会社,電気機器,電機・精密 ,6
E00129,19560,ＮＤＳ株式会社,建設業,建設・資材 ,7
E04453,,東京メトロポリタンテレビジョン株式会社,,,
E05560,24750,ＷＤＢホールディングス株式会社,サービス業,情報通信・サービスその他 ,7
E01056,43680,扶桑化学工業株式会社,化学,素材・化学 ,6
E01324,74140,小野建株式会社,卸売業,商社・卸売 ,7
E02059,67270,株式会社ワコム,電気機器,電機・精密 ,6
E00906,41200,スガイ化学工業株式会社,化学,素材・化学 ,
E03567,83620,株式会社福井銀行,銀行業,銀行 ,7
E02635,81580,ソーダニッカ株式会社,卸売業,商社・卸売 ,7
E04894,96290,ピー・シー・エー株式会社,情報・通信業,情報通信・サービスその他 ,7
E00768,40430,株式会社トクヤマ,化学,素材・化学 ,4
E00514,28190,エバラ食品工業株式会社,食料品,食品 ,7
E04859,96840,株式会社スクウェア・エニックス・ホールディングス,情報・通信業,情報通信・サービスその他 ,4
E02772,99670,堺商事株式会社,卸売業,商社・卸売 ,
E00830,42160,旭有機材株式会社,化学,素材・化学 ,7
E00728,94780,SEホールディングス・アンド・インキュベーションズ株式会社,情報・通信業,情報通信・サービスその他 ,
E04710,46800,株式会社ラウンドワン,サービス業,情報通信・サービスその他 ,6
E05114,47770,株式会社ガーラ,情報・通信業,情報通信・サービスその他 ,
E05548,37940,エヌ・デーソフトウェア株式会社,情報・通信業,情報通信・サービスその他 ,
E03278,75240,マルシェ株式会社,小売業,小売 ,7
E03275,75220,ワタミ株式会社,小売業,小売 ,6
E01983,69380,双信電機株式会社,電気機器,電機・精密 ,7
E03566,83630,株式会社　北國銀行,銀行業,銀行 ,6
E02026,68890,オーデリック株式会社,電気機器,電機・精密 ,
E02307,68590,エスペック株式会社,電気機器,電機・精密 ,6
E00591,35800,小松精練株式会社,繊維製品,素材・化学 ,7
E21832,31430,オーウイル株式会社,卸売業,商社・卸売 ,
E03226,99890,株式会社サンドラッグ,小売業,小売 ,4
E00251,17980,株式会社守谷商会,建設業,建設・資材 ,
E02415,79430,ニチハ株式会社,ガラス・土石製品,建設・資材 ,6
E02380,73130,テイ・エス　テック株式会社,輸送用機器,自動車・輸送機 ,4
E03654,85290,株式会社第三銀行,銀行業,銀行 ,7
E02241,72180,田中精密工業株式会社,輸送用機器,自動車・輸送機 ,
E31878,39230,株式会社ラクス,情報・通信業,情報通信・サービスその他 ,
E03652,85220,株式会社　名古屋銀行,銀行業,銀行 ,6
E01542,63610,株式会社荏原製作所,機械,機械 ,4
E04959,46440,イマジニア株式会社,情報・通信業,情報通信・サービスその他 ,
E02871,75550,株式会社大田花き,卸売業,商社・卸売 ,
E05014,47080,りらいあコミュニケーションズ株式会社,サービス業,情報通信・サービスその他 ,6
E00942,45270,ロート製薬株式会社,医薬品,医薬品 ,4
E05550,24690,ヒビノ株式会社,サービス業,情報通信・サービスその他 ,
E02890,75910,株式会社エクセル,卸売業,商社・卸売 ,7
E00341,22910,福留ハム株式会社,食料品,食品 ,
E05606,30420,株式会社セキュアヴェイル,情報・通信業,情報通信・サービスその他 ,
E03930,,株式会社千葉県建設業センター,,,
E04371,,中日本高速道路株式会社,,,
E01395,59990,イハラサイエンス株式会社,金属製品,建設・資材 ,
E03447,33520,株式会社バッファロー,小売業,小売 ,
E03474,30320,株式会社ゴルフ・ドゥ,,,
E00845,42280,積水化成品工業株式会社,化学,素材・化学 ,7
E02337,77090,クボテック株式会社,精密機器,電機・精密 ,7
E01767,67030,沖電気工業株式会社,電気機器,電機・精密 ,4
E01188,53670,株式会社ニッカトー,ガラス・土石製品,建設・資材 ,7
E05346,84390,東京センチュリー株式会社,その他金融業,金融（除く銀行） ,4
E04996,46860,株式会社ジャストシステム,情報・通信業,情報通信・サービスその他 ,6
E02472,78400,フランスベッドホールディングス株式会社,その他製品,情報通信・サービスその他 ,7
E02671,81500,三信電気株式会社,卸売業,商社・卸売 ,7
E05110,42910,株式会社ＪＩＥＣ,情報・通信業,情報通信・サービスその他 ,
E00264,,大鉄工業株式会社,,,
E00967,45440,みらかホールディングス株式会社,サービス業,情報通信・サービスその他 ,4
E30982,71750,今村証券株式会社,証券、商品先物取引業,金融（除く銀行） ,
E01932,68030,ティアック株式会社,電気機器,電機・精密 ,7
E01027,49170,株式会社マンダム,化学,素材・化学 ,6
E05670,21370,株式会社　光ハイツ・ヴェラス,,,
E02325,77710,日本精密株式会社,精密機器,電機・精密 ,
E01452,34220,株式会社　丸順,,,
E02048,68370,株式会社京写,電気機器,電機・精密 ,
E04982,46710,株式会社ファルコホールディングス,サービス業,情報通信・サービスその他 ,7
E04719,,株式会社福岡サンレイクゴルフ倶楽部,,,
E02225,72990,フジオーゼックス株式会社,輸送用機器,自動車・輸送機 ,
E01420,59660,京都機械工具株式会社,金属製品,建設・資材 ,
E00565,34080,サカイオーベックス株式会社,繊維製品,素材・化学 ,7
E02765,99550,株式会社ヨンキュウ,卸売業,商社・卸売 ,
E00669,39460,株式会社トーモク,パルプ・紙,素材・化学 ,7
E00051,18240,前田建設工業株式会社,建設業,建設・資材 ,4
E01169,52730,三谷セキサン株式会社,ガラス・土石製品,建設・資材 ,7
E01482,61040,東芝機械株式会社,機械,機械 ,6
E00868,49600,ケミプロ化成株式会社,化学,素材・化学 ,
E00819,42030,住友ベークライト株式会社,化学,素材・化学 ,4
E04288,93080,乾汽船株式会社,海運業,運輸・物流 ,7
E01541,63390,新東工業株式会社,機械,機械 ,7
E01793,67700,アルプス電気株式会社,電気機器,電機・精密 ,4
E01598,64620,株式会社リケン,機械,機械 ,7
E04497,94120,株式会社スカパーJSATホールディングス,情報・通信業,情報通信・サービスその他 ,6
E25899,,株式会社ＪＭＡホールディングス,,,
E02617,80360,株式会社日立ハイテクノロジーズ,卸売業,商社・卸売 ,4
E02213,72110,三菱自動車工業株式会社,輸送用機器,自動車・輸送機 ,4
E01650,64570,グローリー株式会社,機械,機械 ,4
E31658,,昭和リース株式会社,,,
E01909,64070,ＣＫＤ株式会社,機械,機械 ,6
E05610,24950,アキナジスタ株式会社,,,
E04032,89350,株式会社エフ・ジェー・ネクスト,不動産業,不動産 ,7
E01336,58050,昭和電線ホールディングス株式会社,非鉄金属,鉄鋼・非鉄 ,7
E01968,69460,日本アビオニクス株式会社,電気機器,電機・精密 ,
E03584,83820,株式会社中国銀行,銀行業,銀行 ,4
E00577,35260,芦森工業株式会社,輸送用機器,自動車・輸送機 ,7
E05153,21300,株式会社メンバーズ,サービス業,情報通信・サービスその他 ,7
E02144,72030,トヨタ自動車株式会社,輸送用機器,自動車・輸送機 ,1
E02562,,新生紙パルプ商事株式会社,,,
E04280,,株式会社ソラシドエア,,,
E01011,49870,株式会社寺岡製作所,化学,素材・化学 ,
E32766,39700,株式会社イノベーション,情報・通信業,情報通信・サービスその他 ,
E02303,77020,株式会社ジェイ・エム・エス,精密機器,電機・精密 ,7
E04030,89330,エヌ・ティ・ティ都市開発株式会社,不動産業,不動産 ,4
E02070,67360,サン電子株式会社,電気機器,電機・精密 ,
E02247,72140,ＧＭＢ株式会社,輸送用機器,自動車・輸送機 ,7
E01265,54560,朝日工業株式会社,鉄鋼,鉄鋼・非鉄 ,
E03071,81300,株式会社サンゲツ,卸売業,商社・卸売 ,4
E26837,,株式会社国際協力銀行,,,
E00690,38950,ハビックス株式会社,パルプ・紙,素材・化学 ,
E05274,43500,株式会社メディカルシステムネットワーク,小売業,小売 ,7
E02535,80650,佐藤商事株式会社,卸売業,商社・卸売 ,7
E01372,63060,日工株式会社,機械,機械 ,7
E01230,72310,トピー工業株式会社,輸送用機器,自動車・輸送機 ,6
E03457,33720,株式会社関門海,小売業,小売 ,
E05514,24540,株式会社オールアバウト,サービス業,情報通信・サービスその他 ,
E00513,28180,株式会社ピエトロ,食料品,食品 ,7
E00955,,森田薬品工業株式会社,,,
E22464,,株式会社岐阜中濃土地建物,,,
E05552,37930,株式会社ドリコム,情報・通信業,情報通信・サービスその他 ,
E03176,98280,元気寿司株式会社,小売業,小売 ,7
E02013,68990,ＡＳＴＩ株式会社,電気機器,電機・精密 ,
E04679,,株式会社出水ゴルフクラブ,,,
E00198,19330,株式会社ＳＹＳＫＥＮ,建設業,建設・資材 ,
E03406,27640,株式会社ひらまつ,小売業,小売 ,7
E00371,22090,井村屋グループ株式会社,食料品,食品 ,
E00838,42200,リケンテクノス株式会社,化学,素材・化学 ,7
E02529,80580,三菱商事株式会社,卸売業,商社・卸売 ,1
E01207,53840,株式会社フジミインコーポレーテッド,ガラス・土石製品,建設・資材 ,6
E02205,72800,株式会社ミツバ,電気機器,電機・精密 ,6
E23818,31780,チムニー株式会社,小売業,小売 ,7
E04149,90220,東海旅客鉄道株式会社,陸運業,運輸・物流 ,1
E03110,82090,株式会社フレンドリー,小売業,小売 ,
E00115,19500,日本電設工業株式会社,建設業,建設・資材 ,6
E02752,99130,日邦産業株式会社,卸売業,商社・卸売 ,
E01657,63450,株式会社 アイチコーポレーション,機械,機械 ,7
E04147,90200,東日本旅客鉄道株式会社,陸運業,運輸・物流 ,1
E01547,63420,株式会社太平製作所,機械,機械 ,
E01528,62100,東洋機械金属株式会社,機械,機械 ,7
E01338,58090,タツタ電線株式会社,非鉄金属,鉄鋼・非鉄 ,6
E02498,80020,丸紅株式会社,卸売業,商社・卸売 ,2
E04148,90210,西日本旅客鉄道株式会社,陸運業,運輸・物流 ,2
E02362,79510,ヤマハ株式会社,その他製品,情報通信・サービスその他 ,4
E00428,26020,日清オイリオグループ株式会社,食料品,食品 ,6
E00210,19730,ＮＥＣネッツエスアイ株式会社,情報・通信業,情報通信・サービスその他 ,6
E04111,90860,株式会社日立物流,陸運業,運輸・物流 ,6
E01790,67070,サンケン電気株式会社,電気機器,電機・精密 ,6
E02869,75520,株式会社ハピネット,卸売業,商社・卸売 ,6
E02315,35930,株式会社ホギメディカル,繊維製品,素材・化学 ,6
E01233,56320,三菱製鋼株式会社,鉄鋼,鉄鋼・非鉄 ,7
E05267,43450,株式会社シーティーエス,サービス業,情報通信・サービスその他 ,7
E31775,71820,株式会社ゆうちょ銀行,銀行業,銀行 ,4
E02497,80010,伊藤忠商事株式会社,卸売業,商社・卸売 ,2
E02691,82830,株式会社ＰＡＬＴＡＣ,卸売業,商社・卸売 ,6
E02228,59700,株式会社ジーテクト,金属製品,建設・資材 ,6
E04094,90010,東武鉄道株式会社,陸運業,運輸・物流 ,4
E02245,34340,株式会社アルファ,金属製品,建設・資材 ,7
E00448,42290,群栄化学工業株式会社,化学,素材・化学 ,7
E05648,87690,株式会社アドバンテッジリスクマネジメント,保険業,金融（除く銀行） ,
E32763,71910,株式会社イントラスト,その他金融業,金融（除く銀行） ,
E03593,83960,株式会社　十八銀行,銀行業,銀行 ,7
E00497,29190,株式会社マルタイ,,,
E00091,19710,中央ビルト工業株式会社,金属製品,建設・資材 ,
E02386,79880,株式会社ニフコ,化学,素材・化学 ,4
E03653,85300,株式会社中京銀行,銀行業,銀行 ,7
E00624,19240,パナホーム株式会社,,,
E00094,19510,株式会社協和エクシオ,建設業,建設・資材 ,4
E04803,97420,株式会社アイネス,情報・通信業,情報通信・サービスその他 ,6
E05426,84250,興銀リース株式会社,その他金融業,金融（除く銀行） ,6
E05638,38220,株式会社Minoriソリューションズ,情報・通信業,情報通信・サービスその他 ,7
E02174,72560,河西工業株式会社,輸送用機器,自動車・輸送機 ,6
E32679,91420,九州旅客鉄道株式会社,陸運業,運輸・物流 ,4
E01402,59850,サンコール株式会社,金属製品,建設・資材 ,7
E27063,61650,パンチ工業株式会社,機械,機械 ,7
E05553,37990,キーウェアソリューションズ株式会社,情報・通信業,情報通信・サービスその他 ,
E02770,99620,株式会社ミスミグループ本社,卸売業,商社・卸売 ,4
E31755,71810,株式会社かんぽ生命保険,保険業,金融（除く銀行） ,4
E01514,62010,株式会社豊田自動織機,輸送用機器,自動車・輸送機 ,4
E01699,62970,鉱研工業株式会社,機械,機械 ,
E21320,66320,株式会社ＪＶＣケンウッド,電気機器,電機・精密 ,6
E31633,49800,デクセリアルズ株式会社,化学,素材・化学 ,6
E05332,23590,株式会社コア,情報・通信業,情報通信・サービスその他 ,7
E00176,18980,世紀東急工業株式会社,建設業,建設・資材 ,7
E01871,67190,富士通コンポーネント株式会社,電気機器,電機・精密 ,
E05054,47360,日本ラッド株式会社,情報・通信業,情報通信・サービスその他 ,
E04272,92010,日本航空株式会社,空運業,運輸・物流 ,2
E02128,70130,株式会社ＩＨＩ,機械,機械 ,4
E04830,97190,ＳＣＳＫ株式会社,情報・通信業,情報通信・サービスその他 ,4
E23187,87130,フィデアホールディングス株式会社,銀行業,銀行 ,6
E05629,21270,株式会社日本Ｍ＆Ａセンター,サービス業,情報通信・サービスその他 ,4
E00037,15180,三井松島産業株式会社,鉱業,エネルギー資源 ,7
E00971,45500,日水製薬株式会社,医薬品,医薬品 ,7
E31748,61780,日本郵政株式会社,サービス業,情報通信・サービスその他 ,4
E02997,30240,クリエイト株式会社,卸売業,商社・卸売 ,
E00049,18810,株式会社ＮＩＰＰＯ,建設業,建設・資材 ,6
E03355,26660,株式会社オートウェーブ,小売業,小売 ,
E31594,61670,冨士ダイス株式会社,機械,機械 ,7
E02833,74720,株式会社鳥羽洋行,卸売業,商社・卸売 ,
E02196,72510,株式会社 ケーヒン,輸送用機器,自動車・輸送機 ,6
E01577,63790,新興プランテック株式会社,建設業,建設・資材 ,7
E32144,61870,株式会社LITALICO,サービス業,情報通信・サービスその他 ,7
E05469,37660,システムズ・デザイン株式会社,情報・通信業,情報通信・サービスその他 ,
E00008,13790,ホクト株式会社,水産・農林業,食品 ,6
E05443,37500,セブンシーズホールディングス株式会社,情報・通信業,情報通信・サービスその他 ,
E05269,43470,ブロードメディア株式会社,サービス業,情報通信・サービスその他 ,
E01013,42170,日立化成株式会社,化学,素材・化学 ,4
E01210,53440,株式会社ＭＡＲＵＷＡ,ガラス・土石製品,建設・資材 ,6
E02124,70040,日立造船株式会社,機械,機械 ,6
E02692,82850,三谷産業株式会社,卸売業,商社・卸売 ,7
E02506,80200,兼松株式会社,卸売業,商社・卸売 ,6
E23479,49260,株式会社シーボン,化学,素材・化学 ,7
E24858,,ＡｖａｎＳｔｒａｔｅ株式会社,,,
E01842,68230,リオン株式会社,電気機器,電機・精密 ,7
E04687,,株式会社東松山カントリークラブ,,,
E02210,72390,株式会社タチエス,輸送用機器,自動車・輸送機 ,6
E02760,99320,杉本商事株式会社,卸売業,商社・卸売 ,7
E03524,30960,株式会社オーシャンシステム,小売業,小売 ,
E02224,72980,八千代工業株式会社,輸送用機器,自動車・輸送機 ,
E05640,38170,株式会社ＳＲＡホールディングス,情報・通信業,情報通信・サービスその他 ,6
E00142,19290,日特建設株式会社,建設業,建設・資材 ,7
E00472,29020,太陽化学株式会社,,,
E01683,64880,株式会社ヨシタケ,機械,機械 ,
E02042,68750,株式会社メガチップス,電気機器,電機・精密 ,6
E01379,58510,リョービ株式会社,非鉄金属,鉄鋼・非鉄 ,6
E02664,81410,新光商事株式会社,卸売業,商社・卸売 ,7
E00978,45570,株式会社医学生物学研究所,医薬品,医薬品 ,
E03549,83440,株式会社山形銀行,銀行業,銀行 ,7
E00433,26120,かどや製油株式会社,食料品,食品 ,7
E01807,67790,日本電波工業株式会社,電気機器,電機・精密 ,7
E01111,51860,ニッタ株式会社,ゴム製品,自動車・輸送機 ,6
E01993,69180,株式会社アバールデータ,電気機器,電機・精密 ,
E01770,67420,株式会社京三製作所,電気機器,電機・精密 ,7
E01627,63820,トリニティ工業株式会社,機械,機械 ,
E01546,63780,木村化工機株式会社,機械,機械 ,7
E02818,75380,株式会社大水,卸売業,商社・卸売 ,
E03569,83560,株式会社十六銀行,銀行業,銀行 ,6
E00011,19110,住友林業株式会社,建設業,建設・資材 ,4
E02184,72740,株式会社ショーワ,輸送用機器,自動車・輸送機 ,6
E03651,85270,株式会社愛知銀行,銀行業,銀行 ,7
E04113,,静岡鉄道株式会社,,,
E02693,82750,株式会社フォーバル,卸売業,商社・卸売 ,7
E00900,46190,日本特殊塗料株式会社,化学,素材・化学 ,7
E01275,54580,高砂鐵工株式会社,鉄鋼,鉄鋼・非鉄 ,
E04850,96960,株式会社ウィザス,サービス業,情報通信・サービスその他 ,
E02408,79490,小松ウオール工業株式会社,その他製品,情報通信・サービスその他 ,7
E02832,74750,アルビス株式会社,小売業,小売 ,7
E02575,80440,大都魚類株式会社,卸売業,商社・卸売 ,
E01769,67410,日本信号株式会社,電気機器,電機・精密 ,6
E02912,76470,株式会社音通,小売業,小売 ,
E03768,86140,東洋証券株式会社,証券、商品先物取引業,金融（除く銀行） ,7
E01600,64710,日本精工株式会社,機械,機械 ,4
E01490,61210,株式会社滝澤鉄工所,機械,機械 ,7
E03036,80220,美津濃株式会社,その他製品,情報通信・サービスその他 ,6
E05273,43490,株式会社テスク,,,
E01317,59380,株式会社ＬＩＸＩＬグループ,金属製品,建設・資材 ,4
E02902,76190,田中商事株式会社,卸売業,商社・卸売 ,7
E00267,17820,常磐開発株式会社,建設業,建設・資材 ,
E00584,35830,オーベクス株式会社,繊維製品,素材・化学 ,
E00118,18500,南海辰村建設株式会社,建設業,建設・資材 ,
E04284,93020,三井倉庫ホールディングス株式会社,倉庫・運輸関連業,運輸・物流 ,6
E04022,,ニューリアルプロパティ株式会社,,,
E25620,36520,株式会社ディジタルメディアプロフェッショナル,情報・通信業,情報通信・サービスその他 ,
E04237,91070,川崎汽船株式会社,海運業,運輸・物流 ,4
E02525,80740,ユアサ商事株式会社,卸売業,商社・卸売 ,6
E04919,96000,株式会社アイネット,情報・通信業,情報通信・サービスその他 ,7
E01653,64550,株式会社モリタホールディングス,輸送用機器,自動車・輸送機 ,7
E03674,85630,株式会社大東銀行,銀行業,銀行 ,7
E02528,80530,住友商事株式会社,卸売業,商社・卸売 ,2
E03573,83740,株式会社三重銀行,銀行業,銀行 ,7
E04106,90440,南海電気鉄道株式会社,陸運業,運輸・物流 ,4
E02189,64930,日鍛バルブ株式会社,輸送用機器,自動車・輸送機 ,
E04638,,通天閣観光株式会社,,,
E04233,32320,三重交通グループホールディングス株式会社,不動産業,不動産 ,7
E04926,46650,株式会社ダスキン,サービス業,情報通信・サービスその他 ,4
E01284,56070,中央可鍛工業株式会社,,,
E02236,72290,株式会社ユタカ技研,輸送用機器,自動車・輸送機 ,
E00878,44010,株式会社ＡＤＥＫＡ,化学,素材・化学 ,4
E01695,62930,日精樹脂工業株式会社,機械,機械 ,7
E00650,38780,株式会社　巴川製紙所,パルプ・紙,素材・化学 ,7
E05688,38480,株式会社データ・アプリケーション,情報・通信業,情報通信・サービスその他 ,
E25662,70220,サノヤスホールディングス株式会社,輸送用機器,自動車・輸送機 ,7
E00737,39560,国際チャート株式会社,パルプ・紙,素材・化学 ,
E03561,83250,株式会社北越銀行,銀行業,銀行 ,7
E05120,47830,日本コンピュータ・ダイナミクス株式会社,情報・通信業,情報通信・サービスその他 ,
E04360,93700,郵船ロジスティクス株式会社,倉庫・運輸関連業,運輸・物流 ,7
E01928,69260,岡谷電機産業株式会社,電気機器,電機・精密 ,7
E00569,35710,株式会社ソトー,繊維製品,素材・化学 ,7
E03460,33750,株式会社ＺＯＡ,小売業,小売 ,
E03938,88440,株式会社コスモスイニシア,不動産業,不動産 ,
E00640,78200,ニホンフラッシュ株式会社,その他製品,情報通信・サービスその他 ,7
E05324,23510,株式会社ＡＳＪ,情報・通信業,情報通信・サービスその他 ,
E04353,93660,株式会社サンリツ,倉庫・運輸関連業,運輸・物流 ,7
E01885,69010,澤藤電機株式会社,電気機器,電機・精密 ,7
E31367,31330,株式会社海帆,小売業,小売 ,
E04093,90100,富士急行株式会社,陸運業,運輸・物流 ,6
E30085,36820,エンカレッジ・テクノロジ株式会社,情報・通信業,情報通信・サービスその他 ,
E25282,19090,日本ドライケミカル株式会社,機械,機械 ,7
E31336,39080,株式会社コラボス,情報・通信業,情報通信・サービスその他 ,
E02147,72420,ＫＹＢ株式会社,輸送用機器,自動車・輸送機 ,6
E01645,64900,日本ピラー工業株式会社,機械,機械 ,7
E01074,81310,株式会社ミツウロコグループホールディングス,卸売業,商社・卸売 ,7
E02015,68690,シスメックス株式会社,電気機器,電機・精密 ,4
E02322,77440,ノーリツ鋼機株式会社,精密機器,電機・精密 ,6
E02612,81080,ヤマエ久野株式会社,,,
E32200,39320,株式会社アカツキ,情報・通信業,情報通信・サービスその他 ,7
E30731,94680,カドカワ株式会社,情報・通信業,情報通信・サービスその他 ,6
E02390,69610,株式会社エンプラス,電気機器,電機・精密 ,6
E01768,67040,岩崎通信機株式会社,電気機器,電機・精密 ,7
E21145,,株式会社東京商品取引所,,,
E04857,96860,東洋テック株式会社,サービス業,情報通信・サービスその他 ,
E02433,78890,株式会社　桑山,その他製品,情報通信・サービスその他 ,
E03120,82180,株式会社コメリ,小売業,小売 ,4
E05685,21510,株式会社タケエイ,サービス業,情報通信・サービスその他 ,7
E00852,43620,日本精化株式会社,化学,素材・化学 ,7
E05651,32370,株式会社イントランス,不動産業,不動産 ,
E03583,83810,株式会社山陰合同銀行,銀行業,銀行 ,4
E03730,,株式会社ホンダファイナンス,,,
E04352,,東京湾横断道路株式会社,,,
E04766,,全国不動産信用保証株式会社,,,
E00265,,東光電気工事株式会社,,,
E05256,43360,株式会社クリエアナブキ,サービス業,情報通信・サービスその他 ,
E04164,,大分交通株式会社,,,
E04953,46400,アンドール株式会社,情報・通信業,情報通信・サービスその他 ,
E01622,64060,フジテック株式会社,機械,機械 ,6
E00865,78910,日本ユピカ株式会社,化学,素材・化学 ,
E02248,72080,株式会社カネミツ,輸送用機器,自動車・輸送機 ,
E03432,33170,株式会社フライングガーデン,小売業,小売 ,
E03867,88180,京阪神ビルディング株式会社,不動産業,不動産 ,7
E00279,17680,株式会社ソネック,建設業,建設・資材 ,7
E00961,45490,栄研化学株式会社,医薬品,医薬品 ,6
E01456,64670,株式会社ニチダイ,機械,機械 ,
E00045,,大室温泉株式会社,,,
E04152,,横浜高速鉄道株式会社,,,
E03841,12340,北海道建設業信用保証株式会社,,,
E04209,90570,遠州トラック株式会社,陸運業,運輸・物流 ,
E27115,,株式会社ダイナムジャパンホールディングス,,,
E01735,62540,野村マイクロ・サイエンス株式会社,機械,機械 ,
E03418,27820,株式会社セリア,小売業,小売 ,
E02836,74770,ムラキ株式会社,卸売業,商社・卸売 ,
E04380,94050,朝日放送株式会社,情報・通信業,情報通信・サービスその他 ,7
E00119,19640,中外炉工業株式会社,建設業,建設・資材 ,7
E03738,,全宅住宅ローン株式会社,,,
E03269,75090,アイエーグループ株式会社,小売業,小売 ,
E00360,21140,フジ日本精糖株式会社,食料品,食品 ,
E01696,62940,オカダアイヨン株式会社,機械,機械 ,7
E04412,,札幌テレビ放送株式会社,,,
E02655,81360,株式会社サンリオ,卸売業,商社・卸売 ,4
E02230,72680,株式会社タツミ,輸送用機器,自動車・輸送機 ,
E03276,75230,アールビバン株式会社,小売業,小売 ,
E04666,,福山観光開発株式会社,,,
E02940,27140,プラマテルズ株式会社,卸売業,商社・卸売 ,
E04899,96250,株式会社セレスポ,サービス業,情報通信・サービスその他 ,
E04102,90410,近鉄グループホールディングス株式会社,陸運業,運輸・物流 ,4
E02489,38510,株式会社日本一ソフトウェア,情報・通信業,情報通信・サービスその他 ,
E03660,,株式会社西京銀行,,,
E01089,51040,日東化工株式会社,ゴム製品,自動車・輸送機 ,
E04920,97990,旭情報サービス株式会社,情報・通信業,情報通信・サービスその他 ,
E03572,83640,株式会社清水銀行,銀行業,銀行 ,7
E04843,,東京博善株式会社,,,
E02117,66390,株式会社コンテック,電気機器,電機・精密 ,
E01251,54610,中部鋼鈑株式会社,,,
E03358,26690,カネ美食品株式会社,小売業,小売 ,
E02194,59490,ユニプレス株式会社,輸送用機器,自動車・輸送機 ,4
E02766,99570,株式会社バイテックホールディングス,卸売業,商社・卸売 ,7
E02069,67370,EIZO株式会社,電気機器,電機・精密 ,6
E03838,,東日本建設業保証株式会社,,,
E00837,43670,広栄化学工業株式会社,化学,素材・化学 ,
E01403,59690,株式会社ロブテックス,金属製品,建設・資材 ,
E04357,93680,キムラユニティー株式会社,倉庫・運輸関連業,運輸・物流 ,7
E02683,80230,大興電子通信株式会社,卸売業,商社・卸売 ,
E04804,97440,株式会社メイテック,サービス業,情報通信・サービスその他 ,4
E02938,27080,株式会社久世,卸売業,商社・卸売 ,
E00405,,モンデ酒造株式会社,,,
E01755,66450,オムロン株式会社,電気機器,電機・精密 ,4
E02201,72770,株式会社ＴＢＫ,輸送用機器,自動車・輸送機 ,7
E04326,93550,株式会社リンコーコーポレーション,倉庫・運輸関連業,運輸・物流 ,
E01396,59940,株式会社ファインシンター,金属製品,建設・資材 ,
E05389,23970,株式会社ＤＮＡチップ研究所,サービス業,情報通信・サービスその他 ,
E00285,17620,株式会社髙松コンストラクショングループ,建設業,建設・資材 ,7
E03316,76060,株式会社ユナイテッドアローズ,小売業,小売 ,6
E31997,61860,株式会社一蔵,サービス業,情報通信・サービスその他 ,7
E02129,70140,株式会社名村造船所,輸送用機器,自動車・輸送機 ,6
E04869,96580,株式会社ビジネスブレイン太田昭和,情報・通信業,情報通信・サービスその他 ,7
E32225,39360,株式会社グローバルウェイ,情報・通信業,情報通信・サービスその他 ,
E27562,,SBI AXES 株式会社,,,
E00922,45060,大日本住友製薬株式会社,医薬品,医薬品 ,4
E02166,72670,本田技研工業株式会社,輸送用機器,自動車・輸送機 ,1
E02735,98820,株式会社イエローハット,卸売業,商社・卸売 ,6
E05430,37510,日本アジアグループ株式会社,情報・通信業,情報通信・サービスその他 ,7
E03837,,西日本建設業保証株式会社,,,
E01805,67980,ＳＭＫ株式会社,電気機器,電機・精密 ,7
E01115,51620,株式会社朝日ラバー,ゴム製品,自動車・輸送機 ,
E02624,,山崎金属産業株式会社,,,
E01831,68090,ＴＯＡ株式会社,電気機器,電機・精密 ,7
E03693,85720,アコム株式会社,その他金融業,金融（除く銀行） ,4
E04815,97530,アイエックス・ナレッジ株式会社,情報・通信業,情報通信・サービスその他 ,
E25621,32750,ハウスコム株式会社,不動産業,不動産 ,
E03544,83490,株式会社　東北銀行,銀行業,銀行 ,7
E01880,69230,スタンレー電気株式会社,電気機器,電機・精密 ,4
E00872,34010,帝人株式会社,繊維製品,素材・化学 ,4
E01247,54510,株式会社淀川製鋼所,鉄鋼,鉄鋼・非鉄 ,6
E00434,26130,株式会社Ｊ－オイルミルズ,食料品,食品 ,7
E04612,,福井県観光開発株式会社,,,
E01913,64440,サンデンホールディングス株式会社,機械,機械 ,6
E00491,25940,キーコーヒー株式会社,食料品,食品 ,7
E25303,22290,カルビー株式会社,食料品,食品 ,4
E05551,37960,株式会社いい生活,情報・通信業,情報通信・サービスその他 ,
E02310,77030,川澄化学工業株式会社,精密機器,電機・精密 ,
E00354,21070,東洋精糖株式会社,食料品,食品 ,7
E03266,75060,株式会社ハウス　オブ　ローゼ,小売業,小売 ,7
E02190,72600,富士機工株式会社,輸送用機器,自動車・輸送機 ,7
E01044,46360,株式会社Ｔ＆Ｋ　ＴＯＫＡ,化学,素材・化学 ,7
E23800,16060,日本海洋掘削株式会社,鉱業,エネルギー資源 ,7
E01972,69440,株式会社アイレックス,情報・通信業,情報通信・サービスその他 ,
E01757,65900,芝浦メカトロニクス株式会社,電気機器,電機・精密 ,7
E00886,44090,東邦化学工業株式会社,化学,素材・化学 ,
E01969,69450,富士通フロンテック株式会社,電気機器,電機・精密 ,
E00200,19830,東芝プラントシステム株式会社,建設業,建設・資材 ,6
E01321,57570,株式会社ＣＫサンエツ,非鉄金属,鉄鋼・非鉄 ,
E01234,54820,愛知製鋼株式会社,鉄鋼,鉄鋼・非鉄 ,6
E02905,76280,株式会社オーハシテクニカ,卸売業,商社・卸売 ,7
E05445,37870,株式会社テクノマセマティカル,情報・通信業,情報通信・サービスその他 ,
E02126,70110,三菱重工業株式会社,機械,機械 ,2
E04844,97070,株式会社ユニマット　リタイアメント・コミュニティ,サービス業,情報通信・サービスその他 ,
E31632,50210,コスモエネルギーホールディングス株式会社,石油・石炭製品,エネルギー資源 ,6
E01343,58150,沖電線株式会社,非鉄金属,鉄鋼・非鉄 ,7
E02850,75040,株式会社高速,卸売業,商社・卸売 ,7
E03543,83450,株式会社岩手銀行,銀行業,銀行 ,7
E31905,71830,あんしん保証株式会社,その他金融業,金融（除く銀行） ,
E02234,72640,株式会社ムロコーポレーション,輸送用機器,自動車・輸送機 ,
E02782,99910,ジェコス株式会社,卸売業,商社・卸売 ,7
E04861,96820,株式会社ＤＴＳ,情報・通信業,情報通信・サービスその他 ,6
E25169,62490,株式会社ゲームカード・ジョイコホールディングス,機械,機械 ,
E30993,39100,株式会社エムケイシステム,情報・通信業,情報通信・サービスその他 ,
E04381,,株式会社秋田放送,,,
E01840,68160,アルパイン株式会社,電気機器,電機・精密 ,6
E03603,83970,株式会社沖縄銀行,銀行業,銀行 ,6
E00273,17750,富士古河Ｅ＆Ｃ株式会社,建設業,建設・資材 ,
E04425,94330,ＫＤＤＩ株式会社,情報・通信業,情報通信・サービスその他 ,1
E30438,42460,ダイキョーニシカワ株式会社,化学,素材・化学 ,6
E00774,40610,デンカ株式会社,化学,素材・化学 ,4
E00431,26070,不二製油グループ本社株式会社,食料品,食品 ,4
E00601,81140,株式会社　デサント,繊維製品,素材・化学 ,6
E01301,57270,東邦チタニウム株式会社,非鉄金属,鉄鋼・非鉄 ,6
E04340,92320,株式会社パスコ,空運業,運輸・物流 ,7
E03645,85370,株式会社大光銀行,銀行業,銀行 ,7
E04602,96710,株式会社よみうりランド,サービス業,情報通信・サービスその他 ,7
E00309,17280,ミサワホーム中国株式会社,建設業,建設・資材 ,
E04889,96400,株式会社セゾン情報システムズ,情報・通信業,情報通信・サービスその他 ,
E01054,49710,メック株式会社,化学,素材・化学 ,6
E01332,58010,古河電気工業株式会社,非鉄金属,鉄鋼・非鉄 ,4
E05232,43180,株式会社クイック,サービス業,情報通信・サービスその他 ,7
E01797,67940,フォスター電機株式会社,電気機器,電機・精密 ,6
E01731,62620,ペガサスミシン製造株式会社,機械,機械 ,7
E03929,88400,株式会社  大京,不動産業,不動産 ,6
E04855,96910,株式会社両毛システムズ,情報・通信業,情報通信・サービスその他 ,
E00923,45070,塩野義製薬株式会社,医薬品,医薬品 ,2
E02221,72960,株式会社エフ・シー・シー,輸送用機器,自動車・輸送機 ,6
E01792,67090,明星電気株式会社,電気機器,電機・精密 ,
E00913,46260,太陽ホールディングス株式会社,化学,素材・化学 ,6
E02394,79660,リンテック株式会社,その他製品,情報通信・サービスその他 ,4
E05446,84230,アクリーティブ株式会社,その他金融業,金融（除く銀行） ,7
E05093,47750,総合メディカル株式会社,小売業,小売 ,7
E22461,36340,株式会社ソケッツ,情報・通信業,情報通信・サービスその他 ,
E03945,88500,スターツコーポレーション株式会社,不動産業,不動産 ,6
E04841,97090,ＮＣＳ＆Ａ株式会社,情報・通信業,情報通信・サービスその他 ,
E01393,59980,株式会社アドバネクス,金属製品,建設・資材 ,7
E25263,36480,ＡＧＳ株式会社,情報・通信業,情報通信・サービスその他 ,7
E05697,21750,株式会社エス・エム・エス,サービス業,情報通信・サービスその他 ,6
E04657,,遠州開発株式会社,,,
E02294,77690,リズム時計工業株式会社,精密機器,電機・精密 ,7
E03760,86130,丸三証券株式会社,証券、商品先物取引業,金融（除く銀行） ,6
E05350,23710,株式会社カカクコム,サービス業,情報通信・サービスその他 ,4
E04715,,岡崎クラシック株式会社,,,
E02690,82980,株式会社ファミリー,小売業,小売 ,
E27303,60730,株式会社アサンテ,サービス業,情報通信・サービスその他 ,7
E01685,62870,サトーホールディングス株式会社,機械,機械 ,6
E05011,47050,株式会社クリップコーポレーション,サービス業,情報通信・サービスその他 ,
E03521,30990,株式会社三越伊勢丹ホールディングス,小売業,小売 ,4
E02242,72170,株式会社テイン,輸送用機器,自動車・輸送機 ,
E01283,56120,日本鋳鉄管株式会社,鉄鋼,鉄鋼・非鉄 ,7
E01415,59360,東洋シヤッター株式会社,金属製品,建設・資材 ,7
E04108,90490,京福電気鉄道株式会社,陸運業,運輸・物流 ,
E00897,46170,中国塗料株式会社,化学,素材・化学 ,6
E00406,22670,株式会社ヤクルト本社,食料品,食品 ,4
E03064,81820,株式会社いなげや,小売業,小売 ,7
E03145,98500,株式会社グルメ杵屋,小売業,小売 ,7
E05466,37630,株式会社プロシップ,情報・通信業,情報通信・サービスその他 ,7
E01644,72550,株式会社桜井製作所,輸送用機器,自動車・輸送機 ,
E01870,67770,ｓａｎｔｅｃ株式会社,電気機器,電機・精密 ,
E02105,72130,レシップホールディングス株式会社,輸送用機器,自動車・輸送機 ,7
E02909,47430,株式会社アイティフォー,情報・通信業,情報通信・サービスその他 ,7
E04228,90290,株式会社ヒガシトゥエンティワン,陸運業,運輸・物流 ,
E01010,49990,セメダイン株式会社,化学,素材・化学 ,
E31612,71800,株式会社九州フィナンシャルグループ,銀行業,銀行 ,4
E03953,88600,フジ住宅株式会社,不動産業,不動産 ,7
E01509,61510,日東工器株式会社,機械,機械 ,7
E00725,78640,株式会社フジシールインターナショナル,その他製品,情報通信・サービスその他 ,6
E03247,27190,株式会社キタムラ,小売業,小売 ,
E00752,40050,住友化学株式会社,化学,素材・化学 ,4
E04154,90240,株式会社西武ホールディングス,陸運業,運輸・物流 ,4
E01828,68070,日本航空電子工業株式会社,電気機器,電機・精密 ,6
E02955,27600,東京エレクトロン デバイス株式会社,卸売業,商社・卸売 ,7
E24017,21960,株式会社エスクリ,サービス業,情報通信・サービスその他 ,7
E03236,74210,カッパ・クリエイト株式会社,小売業,小売 ,6
E03407,27670,フィールズ株式会社,卸売業,商社・卸売 ,7
E03571,83580,スルガ銀行株式会社,銀行業,銀行 ,4
E01231,54060,株式会社　神戸製鋼所,鉄鋼,鉄鋼・非鉄 ,4
E01975,65940,日本電産株式会社,電気機器,電機・精密 ,2
E02115,57580,ＦＣＭ株式会社,非鉄金属,鉄鋼・非鉄 ,
E02778,99840,ソフトバンクグループ株式会社,情報・通信業,情報通信・サービスその他 ,1
E04806,85950,株式会社ジャフコ,証券、商品先物取引業,金融（除く銀行） ,4
E01480,61010,株式会社ツガミ,機械,機械 ,6
E04379,,株式会社ＭＢＳメディアホールディングス,,,
E03361,26740,株式会社ハードオフコーポレーション,小売業,小売 ,7
E01737,65010,株式会社日立製作所,電気機器,電機・精密 ,1
E05539,33930,スターティア株式会社,卸売業,商社・卸売 ,7
E03020,82420,エイチ・ツー・オー リテイリング株式会社,小売業,小売 ,4
E03530,83030,株式会社新生銀行,銀行業,銀行 ,4
E04187,90640,ヤマトホールディングス株式会社,陸運業,運輸・物流 ,2
E22460,36350,株式会社コーエーテクモホールディングス,情報・通信業,情報通信・サービスその他 ,6
E01634,64090,株式会社キトー,機械,機械 ,6
E03619,,株式会社東京スター銀行,,,
E02131,70180,内海造船株式会社,輸送用機器,自動車・輸送機 ,
E00685,38910,ニッポン高度紙工業株式会社,パルプ・紙,素材・化学 ,
E04463,94370,株式会社ＮＴＴドコモ,情報・通信業,情報通信・サービスその他 ,1
E03184,99190,株式会社関西スーパーマーケット,小売業,小売 ,7
E00536,31250,新内外綿株式会社,繊維製品,素材・化学 ,
E01282,56600,神鋼鋼線工業株式会社,鉄鋼,鉄鋼・非鉄 ,
E30682,60960,株式会社レアジョブ,サービス業,情報通信・サービスその他 ,
E31012,28830,株式会社大冷,食料品,食品 ,7
E05112,26560,株式会社ベクター,小売業,小売 ,
E31123,78150,東京ボード工業株式会社,その他製品,情報通信・サービスその他 ,
E03568,83610,株式会社大垣共立銀行,銀行業,銀行 ,4
E00621,79610,兼松サステック株式会社,その他製品,情報通信・サービスその他 ,7
E02931,26920,伊藤忠食品株式会社,卸売業,商社・卸売 ,7
E02231,72660,株式会社今仙電機製作所,輸送用機器,自動車・輸送機 ,7
E05310,23320,株式会社クエスト,情報・通信業,情報通信・サービスその他 ,
E03197,99430,株式会社ココスジャパン,小売業,小売 ,
E00478,28130,和弘食品株式会社,食料品,食品 ,
E02729,98890,ＪＢＣＣホールディングス株式会社,情報・通信業,情報通信・サービスその他 ,7
E00681,39520,中央紙器工業株式会社,,,
E03776,86920,株式会社だいこう証券ビジネス,証券、商品先物取引業,金融（除く銀行） ,7
E05456,24400,株式会社ぐるなび,サービス業,情報通信・サービスその他 ,6
E04967,46530,株式会社ダイオーズ,サービス業,情報通信・サービスその他 ,7
E05317,23420,株式会社トランスジェニック,サービス業,情報通信・サービスその他 ,
E01902,69990,ＫＯＡ株式会社,電気機器,電機・精密 ,6
E05059,47390,伊藤忠テクノソリューションズ株式会社,情報・通信業,情報通信・サービスその他 ,4
E04722,,多治見クラシック株式会社,,,
E04748,,株式会社メイプルポイントゴルフクラブ,,,
E00811,41140,株式会社日本触媒,化学,素材・化学 ,4
E02652,80350,東京エレクトロン株式会社,電気機器,電機・精密 ,2
E05619,12340,株式会社住宅あんしん保証,,,
E03672,,株式会社神奈川銀行,,,
E00989,49020,コニカミノルタ株式会社,電気機器,電機・精密 ,4
E02467,78440,株式会社マーベラス,情報・通信業,情報通信・サービスその他 ,6
E02994,33920,デリカフーズ株式会社,卸売業,商社・卸売 ,7
E04211,90550,株式会社アルプス物流,陸運業,運輸・物流 ,
E01164,79950,日本バルカー工業株式会社,化学,素材・化学 ,7
E05363,45640,オンコセラピー・サイエンス株式会社,医薬品,医薬品 ,
E00995,79710,東リ株式会社,化学,素材・化学 ,7
E01260,54460,北越メタル株式会社,鉄鋼,鉄鋼・非鉄 ,
E31958,61850,ソネット・メディア・ネットワークス株式会社,サービス業,情報通信・サービスその他 ,
E02728,98880,株式会社ＵＥＸ,卸売業,商社・卸売 ,
E02841,74860,サンリン株式会社,卸売業,商社・卸売 ,
E02827,74660,ＳＰＫ株式会社,卸売業,商社・卸売 ,7
E05362,37240,株式会社　ベリサーブ,情報・通信業,情報通信・サービスその他 ,7
E02643,81330,伊藤忠エネクス株式会社,卸売業,商社・卸売 ,6
E03134,82300,株式会社はせがわ,小売業,小売 ,7
E05543,37790,ジェイ・エスコムホールディングス株式会社,情報・通信業,情報通信・サービスその他 ,
E04235,91010,日本郵船株式会社,海運業,運輸・物流 ,4
E00783,40910,大陽日酸株式会社,化学,素材・化学 ,4
E01667,63490,株式会社小森コーポレーション,機械,機械 ,6
E21187,58570,アサヒホールディングス株式会社,非鉄金属,鉄鋼・非鉄 ,6
E00939,45230,エーザイ株式会社,医薬品,医薬品 ,2
E05392,37380,株式会社ティーガイア,情報・通信業,情報通信・サービスその他 ,6
E03690,85130,中部証券金融株式会社,,,
E02503,80930,極東貿易株式会社,卸売業,商社・卸売 ,7
E02513,80310,三井物産株式会社,卸売業,商社・卸売 ,1
E02423,79170,藤森工業株式会社,化学,素材・化学 ,6
E04990,46790,株式会社　田　谷,サービス業,情報通信・サービスその他 ,7
E01511,61580,株式会社和井田製作所,機械,機械 ,
E00562,35690,セーレン株式会社,繊維製品,素材・化学 ,6
E02698,82280,株式会社マルイチ産商,,,
E02425,79080,株式会社きもと,化学,素材・化学 ,7
E01775,67550,株式会社富士通ゼネラル,電気機器,電機・精密 ,4
E04471,,株式会社ジェイ・インターナショナル,,,
E04995,46850,株式会社菱友システムズ,情報・通信業,情報通信・サービスその他 ,
E00977,45560,株式会社カイノス,医薬品,医薬品 ,
E07801,60980,株式会社リクルートホールディングス,サービス業,情報通信・サービスその他 ,2
E00994,35530,共和レザー株式会社,化学,素材・化学 ,7
E31103,60320,株式会社インターワークス,サービス業,情報通信・サービスその他 ,7
E32022,71860,株式会社コンコルディア・フィナンシャルグループ,銀行業,銀行 ,4
E04911,96130,株式会社エヌ・ティ・ティ・データ,情報・通信業,情報通信・サービスその他 ,4
E30481,67400,株式会社ジャパンディスプレイ,電気機器,電機・精密 ,6
E00924,45080,田辺三菱製薬株式会社,医薬品,医薬品 ,4
E00174,18650,青木あすなろ建設株式会社,建設業,建設・資材 ,7
E04126,,岳南鉄道株式会社,,,
E27260,31820,オイシックス株式会社,小売業,小売 ,
E03868,,株式会社東京建設会館,,,
E02235,72300,日信工業株式会社,輸送用機器,自動車・輸送機 ,6
E04476,94450,株式会社フォーバルテレコム,情報・通信業,情報通信・サービスその他 ,
E01303,58520,株式会社アーレスティ,非鉄金属,鉄鋼・非鉄 ,7
E33050,79400,ウェーブロックホールディングス株式会社,化学,素材・化学 ,
E01217,52170,テクノクオーツ株式会社,ガラス・土石製品,建設・資材 ,
E01721,64020,兼松エンジニアリング株式会社,機械,機械 ,
E01753,65840,三櫻工業株式会社,輸送用機器,自動車・輸送機 ,7
E00850,42740,細谷火工株式会社,化学,素材・化学 ,
E05485,33710,株式会社ソフトクリエイトホールディングス,情報・通信業,情報通信・サービスその他 ,7
E01658,62810,株式会社前田製作所,機械,機械 ,
E04723,,株式会社セントクリークゴルフクラブ,,,
E05155,48200,株式会社イーエムシステムズ,情報・通信業,情報通信・サービスその他 ,7
E00831,,プラス・テク株式会社,,,
E01048,49680,荒川化学工業株式会社,化学,素材・化学 ,7
E02195,72410,フタバ産業株式会社,輸送用機器,自動車・輸送機 ,6
E05720,38570,株式会社ラック,情報・通信業,情報通信・サービスその他 ,
E01678,64810,ＴＨＫ株式会社,機械,機械 ,4
E04988,46740,株式会社クレスコ,情報・通信業,情報通信・サービスその他 ,7
E00984,45680,第一三共株式会社,医薬品,医薬品 ,2
E02753,99140,株式会社　植松商会,卸売業,商社・卸売 ,
E05037,47260,ソフトバンク・テクノロジー株式会社,情報・通信業,情報通信・サービスその他 ,7
E00920,45030,アステラス製薬株式会社,医薬品,医薬品 ,1
E01545,61180,アイダエンジニアリング株式会社,機械,機械 ,6
E00717,94740,株式会社ゼンリン,情報・通信業,情報通信・サービスその他 ,6
E03623,84100,株式会社セブン銀行,銀行業,銀行 ,4
E01892,69020,株式会社デンソー,輸送用機器,自動車・輸送機 ,1
E02481,78320,株式会社バンダイナムコホールディングス,その他製品,情報通信・サービスその他 ,4
E04377,,東北放送株式会社,,,
E02219,72940,株式会社ヨロズ,輸送用機器,自動車・輸送機 ,6
E03126,80960,兼松エレクトロニクス株式会社,情報・通信業,情報通信・サービスその他 ,7
E03807,86280,松井証券株式会社,証券、商品先物取引業,金融（除く銀行） ,4
E00829,78710,フクビ化学工業株式会社,化学,素材・化学 ,
E00385,22200,亀田製菓株式会社,食料品,食品 ,6
E04837,97150,トランス・コスモス株式会社,サービス業,情報通信・サービスその他 ,6
E26327,71570,ライフネット生命保険株式会社,保険業,金融（除く銀行） ,
E02958,27680,双日株式会社,卸売業,商社・卸売 ,4
E04604,,名古屋競馬株式会社,,,
E02686,49560,コニシ株式会社,化学,素材・化学 ,7
E02161,72380,曙ブレーキ工業株式会社,輸送用機器,自動車・輸送機 ,6
E09753,71640,全国保証株式会社,その他金融業,金融（除く銀行） ,4
E02544,82910,日産東京販売ホールディングス株式会社,小売業,小売 ,7
E02427,79060,ヨネックス株式会社,その他製品,情報通信・サービスその他 ,
E04366,93770,株式会社エージーピー,倉庫・運輸関連業,運輸・物流 ,
E05156,48190,株式会社デジタルガレージ,情報・通信業,情報通信・サービスその他 ,6
E04218,90390,株式会社サカイ引越センター,陸運業,運輸・物流 ,6
E05135,47920,山田コンサルティンググループ株式会社,サービス業,情報通信・サービスその他 ,
E04105,90450,京阪ホールディングス株式会社,陸運業,運輸・物流 ,4
E00970,45480,生化学工業株式会社,医薬品,医薬品 ,6
E03747,87320,株式会社マネーパートナーズグループ,証券、商品先物取引業,金融（除く銀行） ,7
E04867,96630,株式会社ナガワ,サービス業,情報通信・サービスその他 ,7
E02767,,株式会社ワールド,,,
E04348,97260,ＫＮＴ－ＣＴホールディングス株式会社,サービス業,情報通信・サービスその他 ,6
E05242,87390,スパークス・グループ株式会社,証券、商品先物取引業,金融（除く銀行） ,
E01436,59070,ＪＦＥコンテイナー株式会社,金属製品,建設・資材 ,
E00959,,株式会社　廣貫堂,,,
E05593,24880,日本サード・パーティ株式会社,サービス業,情報通信・サービスその他 ,
E03362,,オーケー株式会社,,,
